Location,Aisle,Bay,Level,Location_Type,PowerBI_X,PowerBI_Y,PowerBI_Z,Length,Width,Height,Value
1A01A,1A,1,A,SHF,1709,1296,48,24,11,8,739
1A01B,1A,1,B,SHF,1709,1296,58,24,11,8,852
1A02A,1A,2,A,SHF,1709,1283,48,24,11,8,731
1A02B,1A,2,B,SHF,1709,1283,58,24,11,8,882
1A03A,1A,3,A,SHF,1709,1270,48,24,11,8,152
1A03B,1A,3,B,SHF,1709,1270,58,24,11,8,20
1A04A,1A,4,A,SHF,1709,1261,48,24,7,8,272
1A04B,1A,4,B,SHF,1709,1261,58,24,7,8,772
1A05A,1A,5,A,SHF,1709,1248,48,24,11,8,173
1A05B,1A,5,B,SHF,1709,1248,58,24,11,8,405
1A06A,1A,6,A,SHF,1709,1235,48,24,11,8,310
1A06B,1A,6,B,SHF,1709,1235,58,24,11,8,347
1A07A,1A,7,A,SHF,1709,1222,48,24,11,8,389
1A07B,1A,7,B,SHF,1709,1222,58,24,11,8,451
1A08A,1A,8,A,SHF,1709,1213,48,24,7,8,706
1A08B,1A,8,B,SHF,1709,1213,58,24,7,8,336
1A09A,1A,9,A,SHF,1709,1200,48,24,11,8,378
1A09B,1A,9,B,SHF,1709,1200,58,24,11,8,525
1A10A,1A,10,A,SHF,1709,1187,48,24,11,8,368
1A10B,1A,10,B,SHF,1709,1187,58,24,11,8,113
1A11A,1A,11,A,SHF,1709,1174,48,24,11,8,860
1A11B,1A,11,B,SHF,1709,1174,58,24,11,8,684
1A12A,1A,12,A,SHF,1709,1165,48,24,7,8,395
1A12B,1A,12,B,SHF,1709,1165,58,24,7,8,531
1A13A,1A,13,A,SHF,1709,1152,48,24,11,8,695
1A13B,1A,13,B,SHF,1709,1152,58,24,11,8,921
1A14A,1A,14,A,SHF,1709,1139,48,24,11,8,833
1A14B,1A,14,B,SHF,1709,1139,58,24,11,8,862
1A15A,1A,15,A,SHF,1709,1126,48,24,11,8,478
1A15B,1A,15,B,SHF,1709,1126,58,24,11,8,342
1A16A,1A,16,A,SHF,1709,1117,48,24,7,8,568
1A16B,1A,16,B,SHF,1709,1117,58,24,7,8,391
2A01A,2A,1,A,SHF,1709,1522,48,24,11,8,935
2A01B,2A,1,B,SHF,1709,1522,58,24,11,8,660
2A02A,2A,2,A,SHF,1709,1509,48,24,11,8,27
2A02B,2A,2,B,SHF,1709,1509,58,24,11,8,53
2A03A,2A,3,A,SHF,1709,1496,48,24,11,8,777
2A03B,2A,3,B,SHF,1709,1496,58,24,11,8,33
2A04A,2A,4,A,SHF,1709,1487,48,24,7,8,454
2A04B,2A,4,B,SHF,1709,1487,58,24,7,8,649
2A05A,2A,5,A,SHF,1709,1474,48,24,11,8,124
2A05B,2A,5,B,SHF,1709,1474,58,24,11,8,627
2A06A,2A,6,A,SHF,1709,1461,48,24,11,8,485
2A06B,2A,6,B,SHF,1709,1461,58,24,11,8,776
2A07A,2A,7,A,SHF,1709,1448,48,24,11,8,967
2A07B,2A,7,B,SHF,1709,1448,58,24,11,8,642
2A08A,2A,8,A,SHF,1709,1439,48,24,7,8,653
2A08B,2A,8,B,SHF,1709,1439,58,24,7,8,374
2A09A,2A,9,A,SHF,1709,1426,48,24,11,8,41
2A09B,2A,9,B,SHF,1709,1426,58,24,11,8,116
2A10A,2A,10,A,SHF,1709,1413,48,24,11,8,88
2A10B,2A,10,B,SHF,1709,1413,58,24,11,8,505
2A11A,2A,11,A,SHF,1709,1400,48,24,11,8,793
2A11B,2A,11,B,SHF,1709,1400,58,24,11,8,231
2A12A,2A,12,A,SHF,1709,1391,48,24,7,8,202
2A12B,2A,12,B,SHF,1709,1391,58,24,7,8,353
2A13A,2A,13,A,SHF,1709,1378,48,24,11,8,837
2A13B,2A,13,B,SHF,1709,1378,58,24,11,8,325
2A14A,2A,14,A,SHF,1709,1365,48,24,11,8,383
2A14B,2A,14,B,SHF,1709,1365,58,24,11,8,454
2A15A,2A,15,A,SHF,1709,1352,48,24,11,8,512
2A15B,2A,15,B,SHF,1709,1352,58,24,11,8,166
2A16A,2A,16,A,SHF,1709,1343,48,24,7,8,62
2A16B,2A,16,B,SHF,1709,1343,58,24,7,8,875
3A01A,3A,1,A,SHF,1709,1748,48,24,11,8,483
3A01B,3A,1,B,SHF,1709,1748,58,24,11,8,570
3A02A,3A,2,A,SHF,1709,1735,48,24,11,8,656
3A02B,3A,2,B,SHF,1709,1735,58,24,11,8,96
3A03A,3A,3,A,SHF,1709,1722,48,24,11,8,454
3A03B,3A,3,B,SHF,1709,1722,58,24,11,8,154
3A04A,3A,4,A,SHF,1709,1713,48,24,7,8,253
3A04B,3A,4,B,SHF,1709,1713,58,24,7,8,818
3A05A,3A,5,A,SHF,1709,1700,48,24,11,8,768
3A05B,3A,5,B,SHF,1709,1700,58,24,11,8,182
3A06A,3A,6,A,SHF,1709,1687,48,24,11,8,500
3A06B,3A,6,B,SHF,1709,1687,58,24,11,8,740
3A07A,3A,7,A,SHF,1709,1674,48,24,11,8,956
3A07B,3A,7,B,SHF,1709,1674,58,24,11,8,364
3A08A,3A,8,A,SHF,1709,1665,48,24,7,8,118
3A08B,3A,8,B,SHF,1709,1665,58,24,7,8,530
3A09A,3A,9,A,SHF,1709,1652,48,24,11,8,708
3A09B,3A,9,B,SHF,1709,1652,58,24,11,8,274
3A10A,3A,10,A,SHF,1709,1639,48,24,11,8,729
3A10B,3A,10,B,SHF,1709,1639,58,24,11,8,115
3A11A,3A,11,A,SHF,1709,1626,48,24,11,8,113
3A11B,3A,11,B,SHF,1709,1626,58,24,11,8,952
3A12A,3A,12,A,SHF,1709,1617,48,24,7,8,669
3A12B,3A,12,B,SHF,1709,1617,58,24,7,8,486
3A13A,3A,13,A,SHF,1709,1604,48,24,11,8,414
3A13B,3A,13,B,SHF,1709,1604,58,24,11,8,402
3A14A,3A,14,A,SHF,1709,1591,48,24,11,8,666
3A14B,3A,14,B,SHF,1709,1591,58,24,11,8,378
3A15A,3A,15,A,SHF,1709,1578,48,24,11,8,425
3A15B,3A,15,B,SHF,1709,1578,58,24,11,8,703
3A16A,3A,16,A,SHF,1709,1569,48,24,7,8,713
3A16B,3A,16,B,SHF,1709,1569,58,24,7,8,829
1B01A,1B,1,A,SHF,1781,1296,28,24,11,8,226
1B01B,1B,1,B,SHF,1781,1296,38,24,11,8,385
1B01C,1B,1,C,SHF,1781,1296,48,24,11,8,274
1B01D,1B,1,D,SHF,1781,1296,58,24,11,8,298
1B02A,1B,2,A,SHF,1781,1283,28,24,11,8,45
1B02B,1B,2,B,SHF,1781,1283,38,24,11,8,581
1B02C,1B,2,C,SHF,1781,1283,48,24,11,8,733
1B02D,1B,2,D,SHF,1781,1283,58,24,11,8,790
1B03A,1B,3,A,SHF,1781,1270,28,24,11,8,713
1B03B,1B,3,B,SHF,1781,1270,38,24,11,8,739
1B03C,1B,3,C,SHF,1781,1270,48,24,11,8,711
1B03D,1B,3,D,SHF,1781,1270,58,24,11,8,350
1B04A,1B,4,A,SHF,1781,1261,28,24,7,8,146
1B04B,1B,4,B,SHF,1781,1261,38,24,7,8,954
1B04C,1B,4,C,SHF,1781,1261,48,24,7,8,715
1B04D,1B,4,D,SHF,1781,1261,58,24,7,8,948
1B05A,1B,5,A,SHF,1781,1248,28,24,11,8,699
1B05B,1B,5,B,SHF,1781,1248,38,24,11,8,78
1B05C,1B,5,C,SHF,1781,1248,48,24,11,8,294
1B05D,1B,5,D,SHF,1781,1248,58,24,11,8,206
1B06A,1B,6,A,SHF,1781,1235,28,24,11,8,513
1B06B,1B,6,B,SHF,1781,1235,38,24,11,8,428
1B06C,1B,6,C,SHF,1781,1235,48,24,11,8,664
1B06D,1B,6,D,SHF,1781,1235,58,24,11,8,150
1B07A,1B,7,A,SHF,1781,1222,28,24,11,8,224
1B07B,1B,7,B,SHF,1781,1222,38,24,11,8,408
1B07C,1B,7,C,SHF,1781,1222,48,24,11,8,801
1B07D,1B,7,D,SHF,1781,1222,58,24,11,8,783
1B08A,1B,8,A,SHF,1781,1213,28,24,7,8,303
1B08B,1B,8,B,SHF,1781,1213,38,24,7,8,790
1B08C,1B,8,C,SHF,1781,1213,48,24,7,8,907
1B08D,1B,8,D,SHF,1781,1213,58,24,7,8,648
1B09A,1B,9,A,SHF,1781,1200,28,24,11,8,547
1B09B,1B,9,B,SHF,1781,1200,38,24,11,8,911
1B09C,1B,9,C,SHF,1781,1200,48,24,11,8,304
1B09D,1B,9,D,SHF,1781,1200,58,24,11,8,634
1B10A,1B,10,A,SHF,1781,1187,28,24,11,8,770
1B10B,1B,10,B,SHF,1781,1187,38,24,11,8,379
1B10C,1B,10,C,SHF,1781,1187,48,24,11,8,38
1B10D,1B,10,D,SHF,1781,1187,58,24,11,8,996
1B11A,1B,11,A,SHF,1781,1174,28,24,11,8,513
1B11B,1B,11,B,SHF,1781,1174,38,24,11,8,978
1B11C,1B,11,C,SHF,1781,1174,48,24,11,8,11
1B11D,1B,11,D,SHF,1781,1174,58,24,11,8,677
1B12A,1B,12,A,SHF,1781,1165,28,24,7,8,192
1B12B,1B,12,B,SHF,1781,1165,38,24,7,8,439
1B12C,1B,12,C,SHF,1781,1165,48,24,7,8,504
1B12D,1B,12,D,SHF,1781,1165,58,24,7,8,79
1B13A,1B,13,A,SHF,1781,1152,28,24,11,8,363
1B13B,1B,13,B,SHF,1781,1152,38,24,11,8,769
1B13C,1B,13,C,SHF,1781,1152,48,24,11,8,230
1B13D,1B,13,D,SHF,1781,1152,58,24,11,8,398
1B14A,1B,14,A,SHF,1781,1139,28,24,11,8,612
1B14B,1B,14,B,SHF,1781,1139,38,24,11,8,886
1B14C,1B,14,C,SHF,1781,1139,48,24,11,8,561
1B14D,1B,14,D,SHF,1781,1139,58,24,11,8,443
1B15A,1B,15,A,SHF,1781,1126,28,24,11,8,569
1B15B,1B,15,B,SHF,1781,1126,38,24,11,8,588
1B15C,1B,15,C,SHF,1781,1126,48,24,11,8,563
1B15D,1B,15,D,SHF,1781,1126,58,24,11,8,721
1B16A,1B,16,A,SHF,1781,1117,28,24,7,8,348
1B16B,1B,16,B,SHF,1781,1117,38,24,7,8,559
1B16C,1B,16,C,SHF,1781,1117,48,24,7,8,828
1B16D,1B,16,D,SHF,1781,1117,58,24,7,8,822
2B01A,2B,1,A,SHF,1781,1522,28,24,11,8,660
2B01B,2B,1,B,SHF,1781,1522,38,24,11,8,103
2B01C,2B,1,C,SHF,1781,1522,48,24,11,8,479
2B01D,2B,1,D,SHF,1781,1522,58,24,11,8,127
2B02A,2B,2,A,SHF,1781,1509,28,24,11,8,34
2B02B,2B,2,B,SHF,1781,1509,38,24,11,8,800
2B02C,2B,2,C,SHF,1781,1509,48,24,11,8,135
2B02D,2B,2,D,SHF,1781,1509,58,24,11,8,45
2B03A,2B,3,A,SHF,1781,1496,28,24,11,8,970
2B03B,2B,3,B,SHF,1781,1496,38,24,11,8,906
2B03C,2B,3,C,SHF,1781,1496,48,24,11,8,756
2B03D,2B,3,D,SHF,1781,1496,58,24,11,8,161
2B04A,2B,4,A,SHF,1781,1487,28,24,7,8,956
2B04B,2B,4,B,SHF,1781,1487,38,24,7,8,950
2B04C,2B,4,C,SHF,1781,1487,48,24,7,8,357
2B04D,2B,4,D,SHF,1781,1487,58,24,7,8,440
2B05A,2B,5,A,SHF,1781,1474,28,24,11,8,534
2B05B,2B,5,B,SHF,1781,1474,38,24,11,8,671
2B05C,2B,5,C,SHF,1781,1474,48,24,11,8,951
2B05D,2B,5,D,SHF,1781,1474,58,24,11,8,784
2B06A,2B,6,A,SHF,1781,1461,28,24,11,8,722
2B06B,2B,6,B,SHF,1781,1461,38,24,11,8,406
2B06C,2B,6,C,SHF,1781,1461,48,24,11,8,361
2B06D,2B,6,D,SHF,1781,1461,58,24,11,8,37
2B07A,2B,7,A,SHF,1781,1448,28,24,11,8,992
2B07B,2B,7,B,SHF,1781,1448,38,24,11,8,901
2B07C,2B,7,C,SHF,1781,1448,48,24,11,8,675
2B07D,2B,7,D,SHF,1781,1448,58,24,11,8,183
2B08A,2B,8,A,SHF,1781,1439,28,24,7,8,78
2B08B,2B,8,B,SHF,1781,1439,38,24,7,8,261
2B08C,2B,8,C,SHF,1781,1439,48,24,7,8,947
2B08D,2B,8,D,SHF,1781,1439,58,24,7,8,287
2B09A,2B,9,A,SHF,1781,1426,28,24,11,8,564
2B09B,2B,9,B,SHF,1781,1426,38,24,11,8,390
2B09C,2B,9,C,SHF,1781,1426,48,24,11,8,160
2B09D,2B,9,D,SHF,1781,1426,58,24,11,8,428
2B10A,2B,10,A,SHF,1781,1413,28,24,11,8,194
2B10B,2B,10,B,SHF,1781,1413,38,24,11,8,447
2B10C,2B,10,C,SHF,1781,1413,48,24,11,8,768
2B10D,2B,10,D,SHF,1781,1413,58,24,11,8,827
2B11A,2B,11,A,SHF,1781,1400,28,24,11,8,682
2B11B,2B,11,B,SHF,1781,1400,38,24,11,8,769
2B11C,2B,11,C,SHF,1781,1400,48,24,11,8,769
2B11D,2B,11,D,SHF,1781,1400,58,24,11,8,626
2B12A,2B,12,A,SHF,1781,1391,28,24,7,8,626
2B12B,2B,12,B,SHF,1781,1391,38,24,7,8,373
2B12C,2B,12,C,SHF,1781,1391,48,24,7,8,561
2B12D,2B,12,D,SHF,1781,1391,58,24,7,8,838
2B13A,2B,13,A,SHF,1781,1378,28,24,11,8,570
2B13B,2B,13,B,SHF,1781,1378,38,24,11,8,156
2B13C,2B,13,C,SHF,1781,1378,48,24,11,8,179
2B13D,2B,13,D,SHF,1781,1378,58,24,11,8,471
2B14A,2B,14,A,SHF,1781,1365,28,24,11,8,405
2B14B,2B,14,B,SHF,1781,1365,38,24,11,8,264
2B14C,2B,14,C,SHF,1781,1365,48,24,11,8,768
2B14D,2B,14,D,SHF,1781,1365,58,24,11,8,703
2B15A,2B,15,A,SHF,1781,1352,28,24,11,8,438
2B15B,2B,15,B,SHF,1781,1352,38,24,11,8,585
2B15C,2B,15,C,SHF,1781,1352,48,24,11,8,368
2B15D,2B,15,D,SHF,1781,1352,58,24,11,8,413
2B16A,2B,16,A,SHF,1781,1343,28,24,7,8,552
2B16B,2B,16,B,SHF,1781,1343,38,24,7,8,7
2B16C,2B,16,C,SHF,1781,1343,48,24,7,8,865
2B16D,2B,16,D,SHF,1781,1343,58,24,7,8,623
3B01A,3B,1,A,SHF,1781,1748,28,24,11,8,900
3B01B,3B,1,B,SHF,1781,1748,38,24,11,8,701
3B01C,3B,1,C,SHF,1781,1748,48,24,11,8,829
3B01D,3B,1,D,SHF,1781,1748,58,24,11,8,405
3B02A,3B,2,A,SHF,1781,1735,28,24,11,8,824
3B02B,3B,2,B,SHF,1781,1735,38,24,11,8,883
3B02C,3B,2,C,SHF,1781,1735,48,24,11,8,693
3B02D,3B,2,D,SHF,1781,1735,58,24,11,8,96
3B03A,3B,3,A,SHF,1781,1722,28,24,11,8,640
3B03B,3B,3,B,SHF,1781,1722,38,24,11,8,268
3B03C,3B,3,C,SHF,1781,1722,48,24,11,8,111
3B03D,3B,3,D,SHF,1781,1722,58,24,11,8,676
3B04A,3B,4,A,SHF,1781,1713,28,24,7,8,317
3B04B,3B,4,B,SHF,1781,1713,38,24,7,8,319
3B04C,3B,4,C,SHF,1781,1713,48,24,7,8,186
3B04D,3B,4,D,SHF,1781,1713,58,24,7,8,717
3B05A,3B,5,A,SHF,1781,1700,28,24,11,8,119
3B05B,3B,5,B,SHF,1781,1700,38,24,11,8,265
3B05C,3B,5,C,SHF,1781,1700,48,24,11,8,443
3B05D,3B,5,D,SHF,1781,1700,58,24,11,8,597
3B06A,3B,6,A,SHF,1781,1687,28,24,11,8,322
3B06B,3B,6,B,SHF,1781,1687,38,24,11,8,156
3B06C,3B,6,C,SHF,1781,1687,48,24,11,8,545
3B06D,3B,6,D,SHF,1781,1687,58,24,11,8,800
3B07A,3B,7,A,SHF,1781,1674,28,24,11,8,6
3B07B,3B,7,B,SHF,1781,1674,38,24,11,8,630
3B07C,3B,7,C,SHF,1781,1674,48,24,11,8,647
3B07D,3B,7,D,SHF,1781,1674,58,24,11,8,9
3B08A,3B,8,A,SHF,1781,1665,28,24,7,8,310
3B08B,3B,8,B,SHF,1781,1665,38,24,7,8,99
3B08C,3B,8,C,SHF,1781,1665,48,24,7,8,538
3B08D,3B,8,D,SHF,1781,1665,58,24,7,8,153
3B09A,3B,9,A,SHF,1781,1652,28,24,11,8,402
3B09B,3B,9,B,SHF,1781,1652,38,24,11,8,489
3B09C,3B,9,C,SHF,1781,1652,48,24,11,8,98
3B09D,3B,9,D,SHF,1781,1652,58,24,11,8,479
3B10A,3B,10,A,SHF,1781,1639,28,24,11,8,927
3B10B,3B,10,B,SHF,1781,1639,38,24,11,8,45
3B10C,3B,10,C,SHF,1781,1639,48,24,11,8,559
3B10D,3B,10,D,SHF,1781,1639,58,24,11,8,871
3B11A,3B,11,A,SHF,1781,1626,28,24,11,8,560
3B11B,3B,11,B,SHF,1781,1626,38,24,11,8,946
3B11C,3B,11,C,SHF,1781,1626,48,24,11,8,368
3B11D,3B,11,D,SHF,1781,1626,58,24,11,8,192
3B12A,3B,12,A,SHF,1781,1617,28,24,7,8,789
3B12B,3B,12,B,SHF,1781,1617,38,24,7,8,341
3B12C,3B,12,C,SHF,1781,1617,48,24,7,8,715
3B12D,3B,12,D,SHF,1781,1617,58,24,7,8,248
3B13A,3B,13,A,SHF,1781,1604,28,24,11,8,701
3B13B,3B,13,B,SHF,1781,1604,38,24,11,8,834
3B13C,3B,13,C,SHF,1781,1604,48,24,11,8,872
3B13D,3B,13,D,SHF,1781,1604,58,24,11,8,745
3B14A,3B,14,A,SHF,1781,1591,28,24,11,8,614
3B14B,3B,14,B,SHF,1781,1591,38,24,11,8,104
3B14C,3B,14,C,SHF,1781,1591,48,24,11,8,111
3B14D,3B,14,D,SHF,1781,1591,58,24,11,8,247
3B15A,3B,15,A,SHF,1781,1578,28,24,11,8,874
3B15B,3B,15,B,SHF,1781,1578,38,24,11,8,47
3B15C,3B,15,C,SHF,1781,1578,48,24,11,8,340
3B15D,3B,15,D,SHF,1781,1578,58,24,11,8,795
3B16A,3B,16,A,SHF,1781,1569,28,24,7,8,431
3B16B,3B,16,B,SHF,1781,1569,38,24,7,8,922
3B16C,3B,16,C,SHF,1781,1569,48,24,7,8,68
3B16D,3B,16,D,SHF,1781,1569,58,24,7,8,275
1G100A,1G,100,A,RACK,2144,1788,0,40,48,60,716
1G100B,1G,100,B,RACK,2144,1788,72,40,48,60,57
1G100C,1G,100,C,RACK,2144,1788,144,40,48,60,888
1G100D,1G,100,D,RACK,2144,1788,216,40,48,60,180
1G101A,1G,101,A,RACK,2144,1734,0,40,48,60,782
1G101B,1G,101,B,RACK,2144,1734,72,40,48,60,61
1G101C,1G,101,C,RACK,2144,1734,144,40,48,60,414
1G101D,1G,101,D,RACK,2144,1734,216,40,48,60,259
1G102A,1G,102,A,RACK,2144,1680,0,40,48,60,650
1G102B,1G,102,B,RACK,2144,1680,72,40,48,60,47
1G102C,1G,102,C,RACK,2144,1680,144,40,48,60,58
1G102D,1G,102,D,RACK,2144,1680,216,40,48,60,894
1G103A,1G,103,A,RACK,2144,1620,0,40,48,60,521
1G103B,1G,103,B,RACK,2144,1620,72,40,48,60,424
1G103C,1G,103,C,RACK,2144,1620,144,40,48,60,654
1G103D,1G,103,D,RACK,2144,1620,216,40,48,60,36
1G104A,1G,104,A,RACK,2144,1566,0,40,48,60,584
1G104B,1G,104,B,RACK,2144,1566,72,40,48,60,689
1G104C,1G,104,C,RACK,2144,1566,144,40,48,60,415
1G104D,1G,104,D,RACK,2144,1566,216,40,48,60,275
1G105A,1G,105,A,RACK,2144,1512,0,40,48,60,940
1G105B,1G,105,B,RACK,2144,1512,72,40,48,60,231
1G105C,1G,105,C,RACK,2144,1512,144,40,48,60,503
1G105D,1G,105,D,RACK,2144,1512,216,40,48,60,187
1G106A,1G,106,A,RACK,2144,1452,0,40,48,60,814
1G106B,1G,106,B,RACK,2144,1452,72,40,48,60,718
1G106C,1G,106,C,RACK,2144,1452,144,40,48,60,113
1G106D,1G,106,D,RACK,2144,1452,216,40,48,60,148
1G107A,1G,107,A,RACK,2144,1398,0,40,48,60,502
1G107B,1G,107,B,RACK,2144,1398,72,40,48,60,179
1G107C,1G,107,C,RACK,2144,1398,144,40,48,60,571
1G107D,1G,107,D,RACK,2144,1398,216,40,48,60,948
1G108A,1G,108,A,RACK,2144,1344,0,40,48,60,273
1G108B,1G,108,B,RACK,2144,1344,72,40,48,60,7
1G108C,1G,108,C,RACK,2144,1344,144,40,48,60,416
1G108D,1G,108,D,RACK,2144,1344,216,40,48,60,469
1G109A,1G,109,A,RACK,2144,1284,0,40,48,60,210
1G109B,1G,109,B,RACK,2144,1284,72,40,48,60,901
1G109C,1G,109,C,RACK,2144,1284,144,40,48,60,701
1G109D,1G,109,D,RACK,2144,1284,216,40,48,60,63
1G110A,1G,110,A,RACK,2144,1230,0,40,48,60,373
1G110B,1G,110,B,RACK,2144,1230,72,40,48,60,165
1G110C,1G,110,C,RACK,2144,1230,144,40,48,60,982
1G110D,1G,110,D,RACK,2144,1230,216,40,48,60,517
1G111A,1G,111,A,RACK,2144,1176,0,40,48,60,417
1G111B,1G,111,B,RACK,2144,1176,72,40,48,60,37
1G111C,1G,111,C,RACK,2144,1176,144,40,48,60,442
1G111D,1G,111,D,RACK,2144,1176,216,40,48,60,833
1G112A,1G,112,A,RACK,2144,1116,0,40,48,60,437
1G112B,1G,112,B,RACK,2144,1116,72,40,48,60,49
1G112C,1G,112,C,RACK,2144,1116,144,40,48,60,204
1G112D,1G,112,D,RACK,2144,1116,216,40,48,60,692
1G113A,1G,113,A,RACK,2144,1062,0,40,48,60,731
1G113B,1G,113,B,RACK,2144,1062,72,40,48,60,11
1G113C,1G,113,C,RACK,2144,1062,144,40,48,60,58
1G113D,1G,113,D,RACK,2144,1062,216,40,48,60,15
1G114A,1G,114,A,RACK,2144,1008,0,40,48,60,963
1G114B,1G,114,B,RACK,2144,1008,72,40,48,60,197
1G114C,1G,114,C,RACK,2144,1008,144,40,48,60,230
1G114D,1G,114,D,RACK,2144,1008,216,40,48,60,709
1G115A,1G,115,A,RACK,2144,816,0,40,48,60,537
1G115B,1G,115,B,RACK,2144,816,72,40,48,60,358
1G115C,1G,115,C,RACK,2144,816,144,40,48,60,223
1G115D,1G,115,D,RACK,2144,816,216,40,48,60,227
1G116A,1G,116,A,RACK,2144,762,0,40,48,60,606
1G116B,1G,116,B,RACK,2144,762,72,40,48,60,65
1G116C,1G,116,C,RACK,2144,762,144,40,48,60,208
1G116D,1G,116,D,RACK,2144,762,216,40,48,60,874
1G117A,1G,117,A,RACK,2144,708,0,40,48,60,497
1G117B,1G,117,B,RACK,2144,708,72,40,48,60,827
1G117C,1G,117,C,RACK,2144,708,144,40,48,60,934
1G117D,1G,117,D,RACK,2144,708,216,40,48,60,137
1G118A,1G,118,A,RACK,2144,648,0,40,48,60,109
1G118B,1G,118,B,RACK,2144,648,72,40,48,60,784
1G118C,1G,118,C,RACK,2144,648,144,40,48,60,874
1G118D,1G,118,D,RACK,2144,648,216,40,48,60,591
1G119A,1G,119,A,RACK,2144,594,0,40,48,60,827
1G119B,1G,119,B,RACK,2144,594,72,40,48,60,110
1G119C,1G,119,C,RACK,2144,594,144,40,48,60,257
1G119D,1G,119,D,RACK,2144,594,216,40,48,60,922
1G120A,1G,120,A,RACK,2144,540,0,40,48,60,841
1G120B,1G,120,B,RACK,2144,540,72,40,48,60,131
1G120C,1G,120,C,RACK,2144,540,144,40,48,60,123
1G120D,1G,120,D,RACK,2144,540,216,40,48,60,675
1G121A,1G,121,A,RACK,2144,480,0,40,48,60,925
1G121B,1G,121,B,RACK,2144,480,72,40,48,60,624
1G121C,1G,121,C,RACK,2144,480,144,40,48,60,138
1G121D,1G,121,D,RACK,2144,480,216,40,48,60,477
1G122A,1G,122,A,RACK,2144,426,0,40,48,60,44
1G122B,1G,122,B,RACK,2144,426,72,40,48,60,476
1G122C,1G,122,C,RACK,2144,426,144,40,48,60,408
1G122D,1G,122,D,RACK,2144,426,216,40,48,60,570
1G123A,1G,123,A,RACK,2144,372,0,40,48,60,329
1G123B,1G,123,B,RACK,2144,372,72,40,48,60,724
1G123C,1G,123,C,RACK,2144,372,144,40,48,60,327
1G123D,1G,123,D,RACK,2144,372,216,40,48,60,39
1G124A,1G,124,A,RACK,2144,312,0,40,48,60,68
1G124B,1G,124,B,RACK,2144,312,72,40,48,60,68
1G124C,1G,124,C,RACK,2144,312,144,40,48,60,916
1G124D,1G,124,D,RACK,2144,312,216,40,48,60,597
1G125A,1G,125,A,RACK,2144,258,0,40,48,60,953
1G125B,1G,125,B,RACK,2144,258,72,40,48,60,405
1G125C,1G,125,C,RACK,2144,258,144,40,48,60,670
1G125D,1G,125,D,RACK,2144,258,216,40,48,60,933
1G126A,1G,126,A,RACK,2144,204,0,40,48,60,579
1G126B,1G,126,B,RACK,2144,204,72,40,48,60,441
1G126C,1G,126,C,RACK,2144,204,144,40,48,60,639
1G126D,1G,126,D,RACK,2144,204,216,40,48,60,426
1G127A,1G,127,A,RACK,2144,144,0,40,48,60,975
1G127B,1G,127,B,RACK,2144,144,72,40,48,60,207
1G127C,1G,127,C,RACK,2144,144,144,40,48,60,805
1G127D,1G,127,D,RACK,2144,144,216,40,48,60,385
1G128A,1G,128,A,RACK,2144,90,0,40,48,60,343
1G128B,1G,128,B,RACK,2144,90,72,40,48,60,548
1G128C,1G,128,C,RACK,2144,90,144,40,48,60,355
1G128D,1G,128,D,RACK,2144,90,216,40,48,60,814
1G129A,1G,129,A,RACK,2144,36,0,40,48,60,645
1G129B,1G,129,B,RACK,2144,36,72,40,48,60,952
1G129C,1G,129,C,RACK,2144,36,144,40,48,60,640
1G129D,1G,129,D,RACK,2144,36,216,40,48,60,200
1H100A,1H,100,A,RACK,2190,1788,0,40,48,60,271
1H100B,1H,100,B,RACK,2190,1788,72,40,48,60,711
1H100C,1H,100,C,RACK,2190,1788,144,40,48,60,674
1H100D,1H,100,D,RACK,2190,1788,216,40,48,60,432
1H101A,1H,101,A,RACK,2190,1734,0,40,48,60,359
1H101B,1H,101,B,RACK,2190,1734,72,40,48,60,589
1H101C,1H,101,C,RACK,2190,1734,144,40,48,60,656
1H101D,1H,101,D,RACK,2190,1734,216,40,48,60,700
1H102A,1H,102,A,RACK,2190,1680,0,40,48,60,756
1H102B,1H,102,B,RACK,2190,1680,72,40,48,60,26
1H102C,1H,102,C,RACK,2190,1680,144,40,48,60,418
1H102D,1H,102,D,RACK,2190,1680,216,40,48,60,237
1H103A,1H,103,A,RACK,2190,1620,0,40,48,60,50
1H103B,1H,103,B,RACK,2190,1620,72,40,48,60,124
1H103C,1H,103,C,RACK,2190,1620,144,40,48,60,237
1H103D,1H,103,D,RACK,2190,1620,216,40,48,60,400
1H104A,1H,104,A,RACK,2190,1566,0,40,48,60,416
1H104B,1H,104,B,RACK,2190,1566,72,40,48,60,571
1H104C,1H,104,C,RACK,2190,1566,144,40,48,60,835
1H104D,1H,104,D,RACK,2190,1566,216,40,48,60,696
1H105A,1H,105,A,RACK,2190,1512,0,40,48,60,830
1H105B,1H,105,B,RACK,2190,1512,72,40,48,60,317
1H105C,1H,105,C,RACK,2190,1512,144,40,48,60,540
1H105D,1H,105,D,RACK,2190,1512,216,40,48,60,346
1H106A,1H,106,A,RACK,2190,1452,0,40,48,60,46
1H106B,1H,106,B,RACK,2190,1452,72,40,48,60,858
1H106C,1H,106,C,RACK,2190,1452,144,40,48,60,1
1H106D,1H,106,D,RACK,2190,1452,216,40,48,60,849
1H107A,1H,107,A,RACK,2190,1398,0,40,48,60,285
1H107B,1H,107,B,RACK,2190,1398,72,40,48,60,467
1H107C,1H,107,C,RACK,2190,1398,144,40,48,60,815
1H107D,1H,107,D,RACK,2190,1398,216,40,48,60,933
1H108A,1H,108,A,RACK,2190,1344,0,40,48,60,776
1H108B,1H,108,B,RACK,2190,1344,72,40,48,60,208
1H108C,1H,108,C,RACK,2190,1344,144,40,48,60,651
1H108D,1H,108,D,RACK,2190,1344,216,40,48,60,437
1H109A,1H,109,A,RACK,2190,1284,0,40,48,60,77
1H109B,1H,109,B,RACK,2190,1284,72,40,48,60,239
1H109C,1H,109,C,RACK,2190,1284,144,40,48,60,935
1H109D,1H,109,D,RACK,2190,1284,216,40,48,60,346
1H110A,1H,110,A,RACK,2190,1230,0,40,48,60,466
1H110B,1H,110,B,RACK,2190,1230,72,40,48,60,86
1H110C,1H,110,C,RACK,2190,1230,144,40,48,60,710
1H110D,1H,110,D,RACK,2190,1230,216,40,48,60,498
1H111A,1H,111,A,RACK,2190,1176,0,40,48,60,739
1H111B,1H,111,B,RACK,2190,1176,72,40,48,60,21
1H111C,1H,111,C,RACK,2190,1176,144,40,48,60,947
1H111D,1H,111,D,RACK,2190,1176,216,40,48,60,763
1H112A,1H,112,A,RACK,2190,1116,0,40,48,60,794
1H112B,1H,112,B,RACK,2190,1116,72,40,48,60,909
1H112C,1H,112,C,RACK,2190,1116,144,40,48,60,669
1H112D,1H,112,D,RACK,2190,1116,216,40,48,60,573
1H113A,1H,113,A,RACK,2190,1062,0,40,48,60,786
1H113B,1H,113,B,RACK,2190,1062,72,40,48,60,624
1H113C,1H,113,C,RACK,2190,1062,144,40,48,60,302
1H113D,1H,113,D,RACK,2190,1062,216,40,48,60,532
1H114A,1H,114,A,RACK,2190,1008,0,40,48,60,742
1H114B,1H,114,B,RACK,2190,1008,72,40,48,60,14
1H114C,1H,114,C,RACK,2190,1008,144,40,48,60,341
1H114D,1H,114,D,RACK,2190,1008,216,40,48,60,382
1H115A,1H,115,A,RACK,2190,816,0,40,48,60,353
1H115B,1H,115,B,RACK,2190,816,72,40,48,60,260
1H115C,1H,115,C,RACK,2190,816,144,40,48,60,366
1H115D,1H,115,D,RACK,2190,816,216,40,48,60,640
1H116A,1H,116,A,RACK,2190,762,0,40,48,60,955
1H116B,1H,116,B,RACK,2190,762,72,40,48,60,949
1H116C,1H,116,C,RACK,2190,762,144,40,48,60,790
1H116D,1H,116,D,RACK,2190,762,216,40,48,60,891
1H117A,1H,117,A,RACK,2190,708,0,40,48,60,754
1H117B,1H,117,B,RACK,2190,708,72,40,48,60,347
1H117C,1H,117,C,RACK,2190,708,144,40,48,60,196
1H117D,1H,117,D,RACK,2190,708,216,40,48,60,500
1H118A,1H,118,A,RACK,2190,648,0,40,48,60,734
1H118B,1H,118,B,RACK,2190,648,72,40,48,60,80
1H118C,1H,118,C,RACK,2190,648,144,40,48,60,665
1H118D,1H,118,D,RACK,2190,648,216,40,48,60,587
1H119A,1H,119,A,RACK,2190,594,0,40,48,60,216
1H119B,1H,119,B,RACK,2190,594,72,40,48,60,127
1H119C,1H,119,C,RACK,2190,594,144,40,48,60,170
1H119D,1H,119,D,RACK,2190,594,216,40,48,60,561
1H120A,1H,120,A,RACK,2190,540,0,40,48,60,470
1H120B,1H,120,B,RACK,2190,540,72,40,48,60,392
1H120C,1H,120,C,RACK,2190,540,144,40,48,60,333
1H120D,1H,120,D,RACK,2190,540,216,40,48,60,969
1H121A,1H,121,A,RACK,2190,480,0,40,48,60,706
1H121B,1H,121,B,RACK,2190,480,72,40,48,60,489
1H121C,1H,121,C,RACK,2190,480,144,40,48,60,18
1H121D,1H,121,D,RACK,2190,480,216,40,48,60,339
1H122A,1H,122,A,RACK,2190,426,0,40,48,60,37
1H122B,1H,122,B,RACK,2190,426,72,40,48,60,681
1H122C,1H,122,C,RACK,2190,426,144,40,48,60,954
1H122D,1H,122,D,RACK,2190,426,216,40,48,60,180
1H123A,1H,123,A,RACK,2190,372,0,40,48,60,60
1H123B,1H,123,B,RACK,2190,372,72,40,48,60,441
1H123C,1H,123,C,RACK,2190,372,144,40,48,60,158
1H123D,1H,123,D,RACK,2190,372,216,40,48,60,474
1H124A,1H,124,A,RACK,2190,312,0,40,48,60,75
1H124B,1H,124,B,RACK,2190,312,72,40,48,60,644
1H124C,1H,124,C,RACK,2190,312,144,40,48,60,579
1H124D,1H,124,D,RACK,2190,312,216,40,48,60,116
1H125A,1H,125,A,RACK,2190,258,0,40,48,60,252
1H125B,1H,125,B,RACK,2190,258,72,40,48,60,817
1H125C,1H,125,C,RACK,2190,258,144,40,48,60,892
1H125D,1H,125,D,RACK,2190,258,216,40,48,60,316
1H126A,1H,126,A,RACK,2190,204,0,40,48,60,673
1H126B,1H,126,B,RACK,2190,204,72,40,48,60,82
1H126C,1H,126,C,RACK,2190,204,144,40,48,60,365
1H126D,1H,126,D,RACK,2190,204,216,40,48,60,127
1H127A,1H,127,A,RACK,2190,144,0,40,48,60,196
1H127B,1H,127,B,RACK,2190,144,72,40,48,60,794
1H127C,1H,127,C,RACK,2190,144,144,40,48,60,571
1H127D,1H,127,D,RACK,2190,144,216,40,48,60,761
1H128A,1H,128,A,RACK,2190,90,0,40,48,60,611
1H128B,1H,128,B,RACK,2190,90,72,40,48,60,716
1H128C,1H,128,C,RACK,2190,90,144,40,48,60,399
1H128D,1H,128,D,RACK,2190,90,216,40,48,60,193
1H129A,1H,129,A,RACK,2190,36,0,40,48,60,648
1H129B,1H,129,B,RACK,2190,36,72,40,48,60,801
1H129C,1H,129,C,RACK,2190,36,144,40,48,60,496
1H129D,1H,129,D,RACK,2190,36,216,40,48,60,872
1J100A,1J,100,A,RACK,2374,1788,0,40,48,60,678
1J100B,1J,100,B,RACK,2374,1788,72,40,48,60,863
1J100C,1J,100,C,RACK,2374,1788,144,40,48,60,440
1J100D,1J,100,D,RACK,2374,1788,216,40,48,60,509
1J101A,1J,101,A,RACK,2374,1734,0,40,48,60,828
1J101B,1J,101,B,RACK,2374,1734,72,40,48,60,803
1J101C,1J,101,C,RACK,2374,1734,144,40,48,60,532
1J101D,1J,101,D,RACK,2374,1734,216,40,48,60,919
1J102A,1J,102,A,RACK,2374,1680,0,40,48,60,201
1J102B,1J,102,B,RACK,2374,1680,72,40,48,60,438
1J102C,1J,102,C,RACK,2374,1680,144,40,48,60,941
1J102D,1J,102,D,RACK,2374,1680,216,40,48,60,342
1J103A,1J,103,A,RACK,2374,1620,0,40,48,60,42
1J103B,1J,103,B,RACK,2374,1620,72,40,48,60,663
1J103C,1J,103,C,RACK,2374,1620,144,40,48,60,781
1J103D,1J,103,D,RACK,2374,1620,216,40,48,60,984
1J104A,1J,104,A,RACK,2374,1566,0,40,48,60,725
1J104B,1J,104,B,RACK,2374,1566,72,40,48,60,550
1J104C,1J,104,C,RACK,2374,1566,144,40,48,60,137
1J104D,1J,104,D,RACK,2374,1566,216,40,48,60,31
1J105A,1J,105,A,RACK,2374,1512,0,40,48,60,866
1J105B,1J,105,B,RACK,2374,1512,72,40,48,60,269
1J105C,1J,105,C,RACK,2374,1512,144,40,48,60,189
1J105D,1J,105,D,RACK,2374,1512,216,40,48,60,379
1J106A,1J,106,A,RACK,2374,1452,0,40,48,60,905
1J106B,1J,106,B,RACK,2374,1452,72,40,48,60,985
1J106C,1J,106,C,RACK,2374,1452,144,40,48,60,471
1J106D,1J,106,D,RACK,2374,1452,216,40,48,60,404
1J107A,1J,107,A,RACK,2374,1398,0,40,48,60,781
1J107B,1J,107,B,RACK,2374,1398,72,40,48,60,147
1J107C,1J,107,C,RACK,2374,1398,144,40,48,60,248
1J107D,1J,107,D,RACK,2374,1398,216,40,48,60,792
1J108A,1J,108,A,RACK,2374,1344,0,40,48,60,703
1J108B,1J,108,B,RACK,2374,1344,72,40,48,60,749
1J108C,1J,108,C,RACK,2374,1344,144,40,48,60,615
1J108D,1J,108,D,RACK,2374,1344,216,40,48,60,864
1J109A,1J,109,A,RACK,2374,1284,0,40,48,60,711
1J109B,1J,109,B,RACK,2374,1284,72,40,48,60,110
1J109C,1J,109,C,RACK,2374,1284,144,40,48,60,799
1J109D,1J,109,D,RACK,2374,1284,216,40,48,60,536
1J110A,1J,110,A,RACK,2374,1230,0,40,48,60,629
1J110B,1J,110,B,RACK,2374,1230,72,40,48,60,561
1J110C,1J,110,C,RACK,2374,1230,144,40,48,60,546
1J110D,1J,110,D,RACK,2374,1230,216,40,48,60,542
1J111A,1J,111,A,RACK,2374,1176,0,40,48,60,481
1J111B,1J,111,B,RACK,2374,1176,72,40,48,60,104
1J111C,1J,111,C,RACK,2374,1176,144,40,48,60,451
1J111D,1J,111,D,RACK,2374,1176,216,40,48,60,258
1J112A,1J,112,A,RACK,2374,1116,0,40,48,60,927
1J112B,1J,112,B,RACK,2374,1116,72,40,48,60,931
1J112C,1J,112,C,RACK,2374,1116,144,40,48,60,402
1J112D,1J,112,D,RACK,2374,1116,216,40,48,60,846
1J113A,1J,113,A,RACK,2374,1062,0,40,48,60,910
1J113B,1J,113,B,RACK,2374,1062,72,40,48,60,226
1J113C,1J,113,C,RACK,2374,1062,144,40,48,60,936
1J113D,1J,113,D,RACK,2374,1062,216,40,48,60,157
1J114A,1J,114,A,RACK,2374,1008,0,40,48,60,919
1J114B,1J,114,B,RACK,2374,1008,72,40,48,60,814
1J114C,1J,114,C,RACK,2374,1008,144,40,48,60,77
1J114D,1J,114,D,RACK,2374,1008,216,40,48,60,567
1J115A,1J,115,A,RACK,2374,816,0,40,48,60,660
1J115B,1J,115,B,RACK,2374,816,72,40,48,60,963
1J115C,1J,115,C,RACK,2374,816,144,40,48,60,430
1J115D,1J,115,D,RACK,2374,816,216,40,48,60,696
1J116A,1J,116,A,RACK,2374,762,0,40,48,60,43
1J116B,1J,116,B,RACK,2374,762,72,40,48,60,314
1J116C,1J,116,C,RACK,2374,762,144,40,48,60,35
1J116D,1J,116,D,RACK,2374,762,216,40,48,60,331
1J117A,1J,117,A,RACK,2374,708,0,40,48,60,566
1J117B,1J,117,B,RACK,2374,708,72,40,48,60,276
1J117C,1J,117,C,RACK,2374,708,144,40,48,60,398
1J117D,1J,117,D,RACK,2374,708,216,40,48,60,474
1J118A,1J,118,A,RACK,2374,648,0,40,48,60,601
1J118B,1J,118,B,RACK,2374,648,72,40,48,60,658
1J118C,1J,118,C,RACK,2374,648,144,40,48,60,218
1J118D,1J,118,D,RACK,2374,648,216,40,48,60,380
1J119A,1J,119,A,RACK,2374,594,0,40,48,60,807
1J119B,1J,119,B,RACK,2374,594,72,40,48,60,478
1J119C,1J,119,C,RACK,2374,594,144,40,48,60,961
1J119D,1J,119,D,RACK,2374,594,216,40,48,60,55
1J120A,1J,120,A,RACK,2374,540,0,40,48,60,835
1J120B,1J,120,B,RACK,2374,540,72,40,48,60,355
1J120C,1J,120,C,RACK,2374,540,144,40,48,60,191
1J120D,1J,120,D,RACK,2374,540,216,40,48,60,347
1J121A,1J,121,A,RACK,2374,480,0,40,48,60,35
1J121B,1J,121,B,RACK,2374,480,72,40,48,60,479
1J121C,1J,121,C,RACK,2374,480,144,40,48,60,110
1J121D,1J,121,D,RACK,2374,480,216,40,48,60,628
1J122A,1J,122,A,RACK,2374,426,0,40,48,60,262
1J122B,1J,122,B,RACK,2374,426,72,40,48,60,239
1J122C,1J,122,C,RACK,2374,426,144,40,48,60,569
1J122D,1J,122,D,RACK,2374,426,216,40,48,60,304
1J123A,1J,123,A,RACK,2374,372,0,40,48,60,806
1J123B,1J,123,B,RACK,2374,372,72,40,48,60,596
1J123C,1J,123,C,RACK,2374,372,144,40,48,60,356
1J123D,1J,123,D,RACK,2374,372,216,40,48,60,896
1J124A,1J,124,A,RACK,2374,312,0,40,48,60,54
1J124B,1J,124,B,RACK,2374,312,72,40,48,60,732
1J124C,1J,124,C,RACK,2374,312,144,40,48,60,815
1J124D,1J,124,D,RACK,2374,312,216,40,48,60,866
1J125A,1J,125,A,RACK,2374,258,0,40,48,60,900
1J125B,1J,125,B,RACK,2374,258,72,40,48,60,757
1J125C,1J,125,C,RACK,2374,258,144,40,48,60,531
1J125D,1J,125,D,RACK,2374,258,216,40,48,60,849
1J126A,1J,126,A,RACK,2374,204,0,40,48,60,206
1J126B,1J,126,B,RACK,2374,204,72,40,48,60,511
1J126C,1J,126,C,RACK,2374,204,144,40,48,60,87
1J126D,1J,126,D,RACK,2374,204,216,40,48,60,623
1J127A,1J,127,A,RACK,2374,144,0,40,48,60,367
1J127B,1J,127,B,RACK,2374,144,72,40,48,60,470
1J127C,1J,127,C,RACK,2374,144,144,40,48,60,63
1J127D,1J,127,D,RACK,2374,144,216,40,48,60,982
1J128A,1J,128,A,RACK,2374,90,0,40,48,60,641
1J128B,1J,128,B,RACK,2374,90,72,40,48,60,969
1J128C,1J,128,C,RACK,2374,90,144,40,48,60,910
1J128D,1J,128,D,RACK,2374,90,216,40,48,60,205
1J129A,1J,129,A,RACK,2374,36,0,40,48,60,494
1J129B,1J,129,B,RACK,2374,36,72,40,48,60,931
1J129C,1J,129,C,RACK,2374,36,144,40,48,60,963
1J129D,1J,129,D,RACK,2374,36,216,40,48,60,968
1K100A,1K,100,A,RACK,2420,1788,0,40,48,60,883
1K100B,1K,100,B,RACK,2420,1788,72,40,48,60,530
1K100C,1K,100,C,RACK,2420,1788,144,40,48,60,937
1K100D,1K,100,D,RACK,2420,1788,216,40,48,60,284
1K101A,1K,101,A,RACK,2420,1734,0,40,48,60,310
1K101B,1K,101,B,RACK,2420,1734,72,40,48,60,704
1K101C,1K,101,C,RACK,2420,1734,144,40,48,60,838
1K101D,1K,101,D,RACK,2420,1734,216,40,48,60,95
1K102A,1K,102,A,RACK,2420,1680,0,40,48,60,172
1K102B,1K,102,B,RACK,2420,1680,72,40,48,60,472
1K102C,1K,102,C,RACK,2420,1680,144,40,48,60,662
1K102D,1K,102,D,RACK,2420,1680,216,40,48,60,650
1K103A,1K,103,A,RACK,2420,1620,0,40,48,60,647
1K103B,1K,103,B,RACK,2420,1620,72,40,48,60,873
1K103C,1K,103,C,RACK,2420,1620,144,40,48,60,151
1K103D,1K,103,D,RACK,2420,1620,216,40,48,60,757
1K104A,1K,104,A,RACK,2420,1566,0,40,48,60,130
1K104B,1K,104,B,RACK,2420,1566,72,40,48,60,632
1K104C,1K,104,C,RACK,2420,1566,144,40,48,60,901
1K104D,1K,104,D,RACK,2420,1566,216,40,48,60,533
1K105A,1K,105,A,RACK,2420,1512,0,40,48,60,950
1K105B,1K,105,B,RACK,2420,1512,72,40,48,60,821
1K105C,1K,105,C,RACK,2420,1512,144,40,48,60,554
1K105D,1K,105,D,RACK,2420,1512,216,40,48,60,722
1K106A,1K,106,A,RACK,2420,1452,0,40,48,60,242
1K106B,1K,106,B,RACK,2420,1452,72,40,48,60,697
1K106C,1K,106,C,RACK,2420,1452,144,40,48,60,296
1K106D,1K,106,D,RACK,2420,1452,216,40,48,60,108
1K107A,1K,107,A,RACK,2420,1398,0,40,48,60,511
1K107B,1K,107,B,RACK,2420,1398,72,40,48,60,871
1K107C,1K,107,C,RACK,2420,1398,144,40,48,60,418
1K107D,1K,107,D,RACK,2420,1398,216,40,48,60,625
1K108A,1K,108,A,RACK,2420,1344,0,40,48,60,867
1K108B,1K,108,B,RACK,2420,1344,72,40,48,60,904
1K108C,1K,108,C,RACK,2420,1344,144,40,48,60,309
1K108D,1K,108,D,RACK,2420,1344,216,40,48,60,132
1K109A,1K,109,A,RACK,2420,1284,0,40,48,60,685
1K109B,1K,109,B,RACK,2420,1284,72,40,48,60,358
1K109C,1K,109,C,RACK,2420,1284,144,40,48,60,462
1K109D,1K,109,D,RACK,2420,1284,216,40,48,60,663
1K110A,1K,110,A,RACK,2420,1230,0,40,48,60,381
1K110B,1K,110,B,RACK,2420,1230,72,40,48,60,795
1K110C,1K,110,C,RACK,2420,1230,144,40,48,60,240
1K110D,1K,110,D,RACK,2420,1230,216,40,48,60,302
1K111A,1K,111,A,RACK,2420,1176,0,40,48,60,872
1K111B,1K,111,B,RACK,2420,1176,72,40,48,60,435
1K111C,1K,111,C,RACK,2420,1176,144,40,48,60,447
1K111D,1K,111,D,RACK,2420,1176,216,40,48,60,765
1K112A,1K,112,A,RACK,2420,1116,0,40,48,60,947
1K112B,1K,112,B,RACK,2420,1116,72,40,48,60,765
1K112C,1K,112,C,RACK,2420,1116,144,40,48,60,319
1K112D,1K,112,D,RACK,2420,1116,216,40,48,60,737
1K113A,1K,113,A,RACK,2420,1062,0,40,48,60,614
1K113B,1K,113,B,RACK,2420,1062,72,40,48,60,730
1K113C,1K,113,C,RACK,2420,1062,144,40,48,60,995
1K113D,1K,113,D,RACK,2420,1062,216,40,48,60,520
1K114A,1K,114,A,RACK,2420,1008,0,40,48,60,830
1K114B,1K,114,B,RACK,2420,1008,72,40,48,60,402
1K114C,1K,114,C,RACK,2420,1008,144,40,48,60,944
1K114D,1K,114,D,RACK,2420,1008,216,40,48,60,696
1K115A,1K,115,A,RACK,2420,816,0,40,48,60,255
1K115B,1K,115,B,RACK,2420,816,72,40,48,60,146
1K115C,1K,115,C,RACK,2420,816,144,40,48,60,503
1K115D,1K,115,D,RACK,2420,816,216,40,48,60,499
1K116A,1K,116,A,RACK,2420,762,0,40,48,60,927
1K116B,1K,116,B,RACK,2420,762,72,40,48,60,295
1K116C,1K,116,C,RACK,2420,762,144,40,48,60,210
1K116D,1K,116,D,RACK,2420,762,216,40,48,60,53
1K117A,1K,117,A,RACK,2420,708,0,40,48,60,453
1K117B,1K,117,B,RACK,2420,708,72,40,48,60,432
1K117C,1K,117,C,RACK,2420,708,144,40,48,60,581
1K117D,1K,117,D,RACK,2420,708,216,40,48,60,508
1K118A,1K,118,A,RACK,2420,648,0,40,48,60,215
1K118B,1K,118,B,RACK,2420,648,72,40,48,60,406
1K118C,1K,118,C,RACK,2420,648,144,40,48,60,227
1K118D,1K,118,D,RACK,2420,648,216,40,48,60,384
1K119A,1K,119,A,RACK,2420,594,0,40,48,60,335
1K119B,1K,119,B,RACK,2420,594,72,40,48,60,561
1K119C,1K,119,C,RACK,2420,594,144,40,48,60,668
1K119D,1K,119,D,RACK,2420,594,216,40,48,60,831
1K120A,1K,120,A,RACK,2420,540,0,40,48,60,109
1K120B,1K,120,B,RACK,2420,540,72,40,48,60,573
1K120C,1K,120,C,RACK,2420,540,144,40,48,60,292
1K120D,1K,120,D,RACK,2420,540,216,40,48,60,454
1K121A,1K,121,A,RACK,2420,480,0,40,48,60,336
1K121B,1K,121,B,RACK,2420,480,72,40,48,60,714
1K121C,1K,121,C,RACK,2420,480,144,40,48,60,938
1K121D,1K,121,D,RACK,2420,480,216,40,48,60,826
1K122A,1K,122,A,RACK,2420,426,0,40,48,60,615
1K122B,1K,122,B,RACK,2420,426,72,40,48,60,749
1K122C,1K,122,C,RACK,2420,426,144,40,48,60,686
1K122D,1K,122,D,RACK,2420,426,216,40,48,60,587
1K123A,1K,123,A,RACK,2420,372,0,40,48,60,597
1K123B,1K,123,B,RACK,2420,372,72,40,48,60,754
1K123C,1K,123,C,RACK,2420,372,144,40,48,60,87
1K123D,1K,123,D,RACK,2420,372,216,40,48,60,206
1K124A,1K,124,A,RACK,2420,312,0,40,48,60,106
1K124B,1K,124,B,RACK,2420,312,72,40,48,60,308
1K124C,1K,124,C,RACK,2420,312,144,40,48,60,945
1K124D,1K,124,D,RACK,2420,312,216,40,48,60,528
1K125A,1K,125,A,RACK,2420,258,0,40,48,60,707
1K125B,1K,125,B,RACK,2420,258,72,40,48,60,899
1K125C,1K,125,C,RACK,2420,258,144,40,48,60,215
1K125D,1K,125,D,RACK,2420,258,216,40,48,60,676
1K126A,1K,126,A,RACK,2420,204,0,40,48,60,716
1K126B,1K,126,B,RACK,2420,204,72,40,48,60,342
1K126C,1K,126,C,RACK,2420,204,144,40,48,60,174
1K126D,1K,126,D,RACK,2420,204,216,40,48,60,744
1K127A,1K,127,A,RACK,2420,144,0,40,48,60,387
1K127B,1K,127,B,RACK,2420,144,72,40,48,60,175
1K127C,1K,127,C,RACK,2420,144,144,40,48,60,273
1K127D,1K,127,D,RACK,2420,144,216,40,48,60,934
1K128A,1K,128,A,RACK,2420,90,0,40,48,60,304
1K128B,1K,128,B,RACK,2420,90,72,40,48,60,87
1K128C,1K,128,C,RACK,2420,90,144,40,48,60,823
1K128D,1K,128,D,RACK,2420,90,216,40,48,60,117
1K129A,1K,129,A,RACK,2420,36,0,40,48,60,523
1K129B,1K,129,B,RACK,2420,36,72,40,48,60,397
1K129C,1K,129,C,RACK,2420,36,144,40,48,60,73
1K129D,1K,129,D,RACK,2420,36,216,40,48,60,485
1L100A,1L,100,A,RACK,2604,1788,0,40,48,60,951
1L100B,1L,100,B,RACK,2604,1788,72,40,48,60,17
1L100C,1L,100,C,RACK,2604,1788,144,40,48,60,187
1L100D,1L,100,D,RACK,2604,1788,216,40,48,60,600
1L101A,1L,101,A,RACK,2604,1734,0,40,48,60,525
1L101B,1L,101,B,RACK,2604,1734,72,40,48,60,488
1L101C,1L,101,C,RACK,2604,1734,144,40,48,60,420
1L101D,1L,101,D,RACK,2604,1734,216,40,48,60,205
1L102A,1L,102,A,RACK,2604,1680,0,40,48,60,719
1L102B,1L,102,B,RACK,2604,1680,72,40,48,60,72
1L102C,1L,102,C,RACK,2604,1680,144,40,48,60,179
1L102D,1L,102,D,RACK,2604,1680,216,40,48,60,532
1L103A,1L,103,A,RACK,2604,1620,0,40,48,60,201
1L103B,1L,103,B,RACK,2604,1620,72,40,48,60,792
1L103C,1L,103,C,RACK,2604,1620,144,40,48,60,705
1L103D,1L,103,D,RACK,2604,1620,216,40,48,60,869
1L104A,1L,104,A,RACK,2604,1566,0,40,48,60,629
1L104B,1L,104,B,RACK,2604,1566,72,40,48,60,585
1L104C,1L,104,C,RACK,2604,1566,144,40,48,60,912
1L104D,1L,104,D,RACK,2604,1566,216,40,48,60,527
1L105A,1L,105,A,RACK,2604,1512,0,40,48,60,849
1L105B,1L,105,B,RACK,2604,1512,72,40,48,60,165
1L105C,1L,105,C,RACK,2604,1512,144,40,48,60,946
1L105D,1L,105,D,RACK,2604,1512,216,40,48,60,607
1L106A,1L,106,A,RACK,2604,1452,0,40,48,60,870
1L106B,1L,106,B,RACK,2604,1452,72,40,48,60,483
1L106C,1L,106,C,RACK,2604,1452,144,40,48,60,491
1L106D,1L,106,D,RACK,2604,1452,216,40,48,60,5
1L107A,1L,107,A,RACK,2604,1398,0,40,48,60,75
1L107B,1L,107,B,RACK,2604,1398,72,40,48,60,835
1L107C,1L,107,C,RACK,2604,1398,144,40,48,60,93
1L107D,1L,107,D,RACK,2604,1398,216,40,48,60,854
1L108A,1L,108,A,RACK,2604,1344,0,40,48,60,304
1L108B,1L,108,B,RACK,2604,1344,72,40,48,60,711
1L108C,1L,108,C,RACK,2604,1344,144,40,48,60,98
1L108D,1L,108,D,RACK,2604,1344,216,40,48,60,500
1L109A,1L,109,A,RACK,2604,1284,0,40,48,60,606
1L109B,1L,109,B,RACK,2604,1284,72,40,48,60,830
1L109C,1L,109,C,RACK,2604,1284,144,40,48,60,500
1L109D,1L,109,D,RACK,2604,1284,216,40,48,60,841
1L110A,1L,110,A,RACK,2604,1230,0,40,48,60,802
1L110B,1L,110,B,RACK,2604,1230,72,40,48,60,765
1L110C,1L,110,C,RACK,2604,1230,144,40,48,60,725
1L110D,1L,110,D,RACK,2604,1230,216,40,48,60,666
1L111A,1L,111,A,RACK,2604,1176,0,40,48,60,137
1L111B,1L,111,B,RACK,2604,1176,72,40,48,60,525
1L111C,1L,111,C,RACK,2604,1176,144,40,48,60,246
1L111D,1L,111,D,RACK,2604,1176,216,40,48,60,911
1L112A,1L,112,A,RACK,2604,1116,0,40,48,60,901
1L112B,1L,112,B,RACK,2604,1116,72,40,48,60,576
1L112C,1L,112,C,RACK,2604,1116,144,40,48,60,438
1L112D,1L,112,D,RACK,2604,1116,216,40,48,60,768
1L113A,1L,113,A,RACK,2604,1062,0,40,48,60,975
1L113B,1L,113,B,RACK,2604,1062,72,40,48,60,468
1L113C,1L,113,C,RACK,2604,1062,144,40,48,60,691
1L113D,1L,113,D,RACK,2604,1062,216,40,48,60,647
1L114A,1L,114,A,RACK,2604,1008,0,40,48,60,158
1L114B,1L,114,B,RACK,2604,1008,72,40,48,60,659
1L114C,1L,114,C,RACK,2604,1008,144,40,48,60,2
1L114D,1L,114,D,RACK,2604,1008,216,40,48,60,920
1L115A,1L,115,A,RACK,2604,816,0,40,48,60,612
1L115B,1L,115,B,RACK,2604,816,72,40,48,60,842
1L115C,1L,115,C,RACK,2604,816,144,40,48,60,734
1L115D,1L,115,D,RACK,2604,816,216,40,48,60,73
1L116A,1L,116,A,RACK,2604,762,0,40,48,60,490
1L116B,1L,116,B,RACK,2604,762,72,40,48,60,183
1L116C,1L,116,C,RACK,2604,762,144,40,48,60,110
1L116D,1L,116,D,RACK,2604,762,216,40,48,60,793
1L117A,1L,117,A,RACK,2604,708,0,40,48,60,161
1L117B,1L,117,B,RACK,2604,708,72,40,48,60,27
1L117C,1L,117,C,RACK,2604,708,144,40,48,60,278
1L117D,1L,117,D,RACK,2604,708,216,40,48,60,579
1L118A,1L,118,A,RACK,2604,648,0,40,48,60,90
1L118B,1L,118,B,RACK,2604,648,72,40,48,60,847
1L118C,1L,118,C,RACK,2604,648,144,40,48,60,905
1L118D,1L,118,D,RACK,2604,648,216,40,48,60,866
1L119A,1L,119,A,RACK,2604,594,0,40,48,60,280
1L119B,1L,119,B,RACK,2604,594,72,40,48,60,554
1L119C,1L,119,C,RACK,2604,594,144,40,48,60,191
1L119D,1L,119,D,RACK,2604,594,216,40,48,60,181
1L120A,1L,120,A,RACK,2604,540,0,40,48,60,793
1L120B,1L,120,B,RACK,2604,540,72,40,48,60,322
1L120C,1L,120,C,RACK,2604,540,144,40,48,60,161
1L120D,1L,120,D,RACK,2604,540,216,40,48,60,163
1L121A,1L,121,A,RACK,2604,480,0,40,48,60,458
1L121B,1L,121,B,RACK,2604,480,72,40,48,60,386
1L121C,1L,121,C,RACK,2604,480,144,40,48,60,16
1L121D,1L,121,D,RACK,2604,480,216,40,48,60,887
1L122A,1L,122,A,RACK,2604,426,0,40,48,60,87
1L122B,1L,122,B,RACK,2604,426,72,40,48,60,662
1L122C,1L,122,C,RACK,2604,426,144,40,48,60,667
1L122D,1L,122,D,RACK,2604,426,216,40,48,60,949
1L123A,1L,123,A,RACK,2604,372,0,40,48,60,203
1L123B,1L,123,B,RACK,2604,372,72,40,48,60,794
1L123C,1L,123,C,RACK,2604,372,144,40,48,60,473
1L123D,1L,123,D,RACK,2604,372,216,40,48,60,946
1L124A,1L,124,A,RACK,2604,312,0,40,48,60,394
1L124B,1L,124,B,RACK,2604,312,72,40,48,60,832
1L124C,1L,124,C,RACK,2604,312,144,40,48,60,849
1L124D,1L,124,D,RACK,2604,312,216,40,48,60,442
1L125A,1L,125,A,RACK,2604,258,0,40,48,60,4
1L125B,1L,125,B,RACK,2604,258,72,40,48,60,101
1L125C,1L,125,C,RACK,2604,258,144,40,48,60,337
1L125D,1L,125,D,RACK,2604,258,216,40,48,60,909
1L126A,1L,126,A,RACK,2604,204,0,40,48,60,160
1L126B,1L,126,B,RACK,2604,204,72,40,48,60,684
1L126C,1L,126,C,RACK,2604,204,144,40,48,60,370
1L126D,1L,126,D,RACK,2604,204,216,40,48,60,672
1L127A,1L,127,A,RACK,2604,144,0,40,48,60,289
1L127B,1L,127,B,RACK,2604,144,72,40,48,60,362
1L127C,1L,127,C,RACK,2604,144,144,40,48,60,373
1L127D,1L,127,D,RACK,2604,144,216,40,48,60,878
1L128A,1L,128,A,RACK,2604,90,0,40,48,60,357
1L128B,1L,128,B,RACK,2604,90,72,40,48,60,635
1L128C,1L,128,C,RACK,2604,90,144,40,48,60,869
1L128D,1L,128,D,RACK,2604,90,216,40,48,60,884
1L129A,1L,129,A,RACK,2604,36,0,40,48,60,799
1L129B,1L,129,B,RACK,2604,36,72,40,48,60,356
1L129C,1L,129,C,RACK,2604,36,144,40,48,60,136
1L129D,1L,129,D,RACK,2604,36,216,40,48,60,658
1M100A,1M,100,A,RACK,2650,1788,0,40,48,60,656
1M100B,1M,100,B,RACK,2650,1788,72,40,48,60,101
1M100C,1M,100,C,RACK,2650,1788,144,40,48,60,157
1M100D,1M,100,D,RACK,2650,1788,216,40,48,60,795
1M101A,1M,101,A,RACK,2650,1734,0,40,48,60,761
1M101B,1M,101,B,RACK,2650,1734,72,40,48,60,690
1M101C,1M,101,C,RACK,2650,1734,144,40,48,60,61
1M101D,1M,101,D,RACK,2650,1734,216,40,48,60,338
1M102A,1M,102,A,RACK,2650,1680,0,40,48,60,917
1M102B,1M,102,B,RACK,2650,1680,72,40,48,60,119
1M102C,1M,102,C,RACK,2650,1680,144,40,48,60,790
1M102D,1M,102,D,RACK,2650,1680,216,40,48,60,606
1M103A,1M,103,A,RACK,2650,1620,0,40,48,60,549
1M103B,1M,103,B,RACK,2650,1620,72,40,48,60,695
1M103C,1M,103,C,RACK,2650,1620,144,40,48,60,989
1M103D,1M,103,D,RACK,2650,1620,216,40,48,60,239
1M104A,1M,104,A,RACK,2650,1566,0,40,48,60,84
1M104B,1M,104,B,RACK,2650,1566,72,40,48,60,567
1M104C,1M,104,C,RACK,2650,1566,144,40,48,60,87
1M104D,1M,104,D,RACK,2650,1566,216,40,48,60,910
1M105A,1M,105,A,RACK,2650,1512,0,40,48,60,828
1M105B,1M,105,B,RACK,2650,1512,72,40,48,60,706
1M105C,1M,105,C,RACK,2650,1512,144,40,48,60,864
1M105D,1M,105,D,RACK,2650,1512,216,40,48,60,938
1M106A,1M,106,A,RACK,2650,1452,0,40,48,60,5
1M106B,1M,106,B,RACK,2650,1452,72,40,48,60,270
1M106C,1M,106,C,RACK,2650,1452,144,40,48,60,252
1M106D,1M,106,D,RACK,2650,1452,216,40,48,60,26
1M107A,1M,107,A,RACK,2650,1398,0,40,48,60,948
1M107B,1M,107,B,RACK,2650,1398,72,40,48,60,818
1M107C,1M,107,C,RACK,2650,1398,144,40,48,60,306
1M107D,1M,107,D,RACK,2650,1398,216,40,48,60,510
1M108A,1M,108,A,RACK,2650,1344,0,40,48,60,876
1M108B,1M,108,B,RACK,2650,1344,72,40,48,60,801
1M108C,1M,108,C,RACK,2650,1344,144,40,48,60,249
1M108D,1M,108,D,RACK,2650,1344,216,40,48,60,321
1M109A,1M,109,A,RACK,2650,1284,0,40,48,60,424
1M109B,1M,109,B,RACK,2650,1284,72,40,48,60,187
1M109C,1M,109,C,RACK,2650,1284,144,40,48,60,256
1M109D,1M,109,D,RACK,2650,1284,216,40,48,60,29
1M110A,1M,110,A,RACK,2650,1230,0,40,48,60,549
1M110B,1M,110,B,RACK,2650,1230,72,40,48,60,214
1M110C,1M,110,C,RACK,2650,1230,144,40,48,60,510
1M110D,1M,110,D,RACK,2650,1230,216,40,48,60,203
1M111A,1M,111,A,RACK,2650,1176,0,40,48,60,38
1M111B,1M,111,B,RACK,2650,1176,72,40,48,60,732
1M111C,1M,111,C,RACK,2650,1176,144,40,48,60,542
1M111D,1M,111,D,RACK,2650,1176,216,40,48,60,695
1M112A,1M,112,A,RACK,2650,1116,0,40,48,60,545
1M112B,1M,112,B,RACK,2650,1116,72,40,48,60,888
1M112C,1M,112,C,RACK,2650,1116,144,40,48,60,527
1M112D,1M,112,D,RACK,2650,1116,216,40,48,60,406
1M113A,1M,113,A,RACK,2650,1062,0,40,48,60,465
1M113B,1M,113,B,RACK,2650,1062,72,40,48,60,490
1M113C,1M,113,C,RACK,2650,1062,144,40,48,60,149
1M113D,1M,113,D,RACK,2650,1062,216,40,48,60,64
1M114A,1M,114,A,RACK,2650,1008,0,40,48,60,427
1M114B,1M,114,B,RACK,2650,1008,72,40,48,60,277
1M114C,1M,114,C,RACK,2650,1008,144,40,48,60,83
1M114D,1M,114,D,RACK,2650,1008,216,40,48,60,576
1M115A,1M,115,A,RACK,2650,816,0,40,48,60,529
1M115B,1M,115,B,RACK,2650,816,72,40,48,60,406
1M115C,1M,115,C,RACK,2650,816,144,40,48,60,979
1M115D,1M,115,D,RACK,2650,816,216,40,48,60,551
1M116A,1M,116,A,RACK,2650,762,0,40,48,60,655
1M116B,1M,116,B,RACK,2650,762,72,40,48,60,154
1M116C,1M,116,C,RACK,2650,762,144,40,48,60,101
1M116D,1M,116,D,RACK,2650,762,216,40,48,60,511
1M117A,1M,117,A,RACK,2650,708,0,40,48,60,633
1M117B,1M,117,B,RACK,2650,708,72,40,48,60,237
1M117C,1M,117,C,RACK,2650,708,144,40,48,60,753
1M117D,1M,117,D,RACK,2650,708,216,40,48,60,619
1M118A,1M,118,A,RACK,2650,648,0,40,48,60,77
1M118B,1M,118,B,RACK,2650,648,72,40,48,60,729
1M118C,1M,118,C,RACK,2650,648,144,40,48,60,957
1M118D,1M,118,D,RACK,2650,648,216,40,48,60,70
1M119A,1M,119,A,RACK,2650,594,0,40,48,60,861
1M119B,1M,119,B,RACK,2650,594,72,40,48,60,667
1M119C,1M,119,C,RACK,2650,594,144,40,48,60,419
1M119D,1M,119,D,RACK,2650,594,216,40,48,60,306
1M120A,1M,120,A,RACK,2650,540,0,40,48,60,110
1M120B,1M,120,B,RACK,2650,540,72,40,48,60,282
1M120C,1M,120,C,RACK,2650,540,144,40,48,60,109
1M120D,1M,120,D,RACK,2650,540,216,40,48,60,632
1M121A,1M,121,A,RACK,2650,480,0,40,48,60,226
1M121B,1M,121,B,RACK,2650,480,72,40,48,60,576
1M121C,1M,121,C,RACK,2650,480,144,40,48,60,388
1M121D,1M,121,D,RACK,2650,480,216,40,48,60,237
1M122A,1M,122,A,RACK,2650,426,0,40,48,60,326
1M122B,1M,122,B,RACK,2650,426,72,40,48,60,590
1M122C,1M,122,C,RACK,2650,426,144,40,48,60,975
1M122D,1M,122,D,RACK,2650,426,216,40,48,60,279
1M123A,1M,123,A,RACK,2650,372,0,40,48,60,496
1M123B,1M,123,B,RACK,2650,372,72,40,48,60,72
1M123C,1M,123,C,RACK,2650,372,144,40,48,60,596
1M123D,1M,123,D,RACK,2650,372,216,40,48,60,410
1M124A,1M,124,A,RACK,2650,312,0,40,48,60,944
1M124B,1M,124,B,RACK,2650,312,72,40,48,60,974
1M124C,1M,124,C,RACK,2650,312,144,40,48,60,291
1M124D,1M,124,D,RACK,2650,312,216,40,48,60,817
1M125A,1M,125,A,RACK,2650,258,0,40,48,60,432
1M125B,1M,125,B,RACK,2650,258,72,40,48,60,953
1M125C,1M,125,C,RACK,2650,258,144,40,48,60,853
1M125D,1M,125,D,RACK,2650,258,216,40,48,60,393
1M126A,1M,126,A,RACK,2650,204,0,40,48,60,917
1M126B,1M,126,B,RACK,2650,204,72,40,48,60,820
1M126C,1M,126,C,RACK,2650,204,144,40,48,60,986
1M126D,1M,126,D,RACK,2650,204,216,40,48,60,513
1M127A,1M,127,A,RACK,2650,144,0,40,48,60,844
1M127B,1M,127,B,RACK,2650,144,72,40,48,60,676
1M127C,1M,127,C,RACK,2650,144,144,40,48,60,435
1M127D,1M,127,D,RACK,2650,144,216,40,48,60,236
1M128A,1M,128,A,RACK,2650,90,0,40,48,60,422
1M128B,1M,128,B,RACK,2650,90,72,40,48,60,856
1M128C,1M,128,C,RACK,2650,90,144,40,48,60,419
1M128D,1M,128,D,RACK,2650,90,216,40,48,60,221
1M129A,1M,129,A,RACK,2650,36,0,40,48,60,316
1M129B,1M,129,B,RACK,2650,36,72,40,48,60,525
1M129C,1M,129,C,RACK,2650,36,144,40,48,60,711
1M129D,1M,129,D,RACK,2650,36,216,40,48,60,510
1N100A,1N,100,A,RACK,2834,1788,0,40,48,60,922
1N100B,1N,100,B,RACK,2834,1788,72,40,48,60,439
1N100C,1N,100,C,RACK,2834,1788,144,40,48,60,469
1N100D,1N,100,D,RACK,2834,1788,216,40,48,60,536
1N101A,1N,101,A,RACK,2834,1734,0,40,48,60,624
1N101B,1N,101,B,RACK,2834,1734,72,40,48,60,15
1N101C,1N,101,C,RACK,2834,1734,144,40,48,60,442
1N101D,1N,101,D,RACK,2834,1734,216,40,48,60,834
1N102A,1N,102,A,RACK,2834,1680,0,40,48,60,217
1N102B,1N,102,B,RACK,2834,1680,72,40,48,60,989
1N102C,1N,102,C,RACK,2834,1680,144,40,48,60,755
1N102D,1N,102,D,RACK,2834,1680,216,40,48,60,216
1N103A,1N,103,A,RACK,2834,1620,0,40,48,60,367
1N103B,1N,103,B,RACK,2834,1620,72,40,48,60,995
1N103C,1N,103,C,RACK,2834,1620,144,40,48,60,128
1N103D,1N,103,D,RACK,2834,1620,216,40,48,60,612
1N104A,1N,104,A,RACK,2834,1566,0,40,48,60,854
1N104B,1N,104,B,RACK,2834,1566,72,40,48,60,945
1N104C,1N,104,C,RACK,2834,1566,144,40,48,60,929
1N104D,1N,104,D,RACK,2834,1566,216,40,48,60,121
1N105A,1N,105,A,RACK,2834,1512,0,40,48,60,358
1N105B,1N,105,B,RACK,2834,1512,72,40,48,60,668
1N105C,1N,105,C,RACK,2834,1512,144,40,48,60,114
1N105D,1N,105,D,RACK,2834,1512,216,40,48,60,726
1N106A,1N,106,A,RACK,2834,1452,0,40,48,60,4
1N106B,1N,106,B,RACK,2834,1452,72,40,48,60,771
1N106C,1N,106,C,RACK,2834,1452,144,40,48,60,476
1N106D,1N,106,D,RACK,2834,1452,216,40,48,60,603
1N107A,1N,107,A,RACK,2834,1398,0,40,48,60,722
1N107B,1N,107,B,RACK,2834,1398,72,40,48,60,67
1N107C,1N,107,C,RACK,2834,1398,144,40,48,60,605
1N107D,1N,107,D,RACK,2834,1398,216,40,48,60,870
1N108A,1N,108,A,RACK,2834,1344,0,40,48,60,363
1N108B,1N,108,B,RACK,2834,1344,72,40,48,60,702
1N108C,1N,108,C,RACK,2834,1344,144,40,48,60,336
1N108D,1N,108,D,RACK,2834,1344,216,40,48,60,174
1N109A,1N,109,A,RACK,2834,1284,0,40,48,60,546
1N109B,1N,109,B,RACK,2834,1284,72,40,48,60,116
1N109C,1N,109,C,RACK,2834,1284,144,40,48,60,754
1N109D,1N,109,D,RACK,2834,1284,216,40,48,60,38
1N110A,1N,110,A,RACK,2834,1230,0,40,48,60,966
1N110B,1N,110,B,RACK,2834,1230,72,40,48,60,957
1N110C,1N,110,C,RACK,2834,1230,144,40,48,60,293
1N110D,1N,110,D,RACK,2834,1230,216,40,48,60,17
1N111A,1N,111,A,RACK,2834,1176,0,40,48,60,758
1N111B,1N,111,B,RACK,2834,1176,72,40,48,60,726
1N111C,1N,111,C,RACK,2834,1176,144,40,48,60,601
1N111D,1N,111,D,RACK,2834,1176,216,40,48,60,591
1N112A,1N,112,A,RACK,2834,1116,0,40,48,60,613
1N112B,1N,112,B,RACK,2834,1116,72,40,48,60,737
1N112C,1N,112,C,RACK,2834,1116,144,40,48,60,56
1N112D,1N,112,D,RACK,2834,1116,216,40,48,60,244
1N113A,1N,113,A,RACK,2834,1062,0,40,48,60,689
1N113B,1N,113,B,RACK,2834,1062,72,40,48,60,321
1N113C,1N,113,C,RACK,2834,1062,144,40,48,60,159
1N113D,1N,113,D,RACK,2834,1062,216,40,48,60,490
1N114A,1N,114,A,RACK,2834,1008,0,40,48,60,958
1N114B,1N,114,B,RACK,2834,1008,72,40,48,60,28
1N114C,1N,114,C,RACK,2834,1008,144,40,48,60,707
1N114D,1N,114,D,RACK,2834,1008,216,40,48,60,270
1N115A,1N,115,A,RACK,2834,816,0,40,48,60,630
1N115B,1N,115,B,RACK,2834,816,72,40,48,60,86
1N115C,1N,115,C,RACK,2834,816,144,40,48,60,457
1N115D,1N,115,D,RACK,2834,816,216,40,48,60,356
1N116A,1N,116,A,RACK,2834,762,0,40,48,60,314
1N116B,1N,116,B,RACK,2834,762,72,40,48,60,388
1N116C,1N,116,C,RACK,2834,762,144,40,48,60,299
1N116D,1N,116,D,RACK,2834,762,216,40,48,60,616
1N117A,1N,117,A,RACK,2834,708,0,40,48,60,244
1N117B,1N,117,B,RACK,2834,708,72,40,48,60,780
1N117C,1N,117,C,RACK,2834,708,144,40,48,60,119
1N117D,1N,117,D,RACK,2834,708,216,40,48,60,717
1N118A,1N,118,A,RACK,2834,648,0,40,48,60,90
1N118B,1N,118,B,RACK,2834,648,72,40,48,60,954
1N118C,1N,118,C,RACK,2834,648,144,40,48,60,172
1N118D,1N,118,D,RACK,2834,648,216,40,48,60,549
1N119A,1N,119,A,RACK,2834,594,0,40,48,60,989
1N119B,1N,119,B,RACK,2834,594,72,40,48,60,634
1N119C,1N,119,C,RACK,2834,594,144,40,48,60,714
1N119D,1N,119,D,RACK,2834,594,216,40,48,60,621
1N120A,1N,120,A,RACK,2834,540,0,40,48,60,744
1N120B,1N,120,B,RACK,2834,540,72,40,48,60,17
1N120C,1N,120,C,RACK,2834,540,144,40,48,60,841
1N120D,1N,120,D,RACK,2834,540,216,40,48,60,859
1N121A,1N,121,A,RACK,2834,480,0,40,48,60,793
1N121B,1N,121,B,RACK,2834,480,72,40,48,60,346
1N121C,1N,121,C,RACK,2834,480,144,40,48,60,6
1N121D,1N,121,D,RACK,2834,480,216,40,48,60,360
1N122A,1N,122,A,RACK,2834,426,0,40,48,60,661
1N122B,1N,122,B,RACK,2834,426,72,40,48,60,421
1N122C,1N,122,C,RACK,2834,426,144,40,48,60,429
1N122D,1N,122,D,RACK,2834,426,216,40,48,60,741
1N123A,1N,123,A,RACK,2834,372,0,40,48,60,16
1N123B,1N,123,B,RACK,2834,372,72,40,48,60,907
1N123C,1N,123,C,RACK,2834,372,144,40,48,60,861
1N123D,1N,123,D,RACK,2834,372,216,40,48,60,893
1N124A,1N,124,A,RACK,2834,312,0,40,48,60,424
1N124B,1N,124,B,RACK,2834,312,72,40,48,60,902
1N124C,1N,124,C,RACK,2834,312,144,40,48,60,278
1N124D,1N,124,D,RACK,2834,312,216,40,48,60,84
1N125A,1N,125,A,RACK,2834,258,0,40,48,60,188
1N125B,1N,125,B,RACK,2834,258,72,40,48,60,623
1N125C,1N,125,C,RACK,2834,258,144,40,48,60,262
1N125D,1N,125,D,RACK,2834,258,216,40,48,60,723
1N126A,1N,126,A,RACK,2834,204,0,40,48,60,369
1N126B,1N,126,B,RACK,2834,204,72,40,48,60,198
1N126C,1N,126,C,RACK,2834,204,144,40,48,60,742
1N126D,1N,126,D,RACK,2834,204,216,40,48,60,399
1N127A,1N,127,A,RACK,2834,144,0,40,48,60,291
1N127B,1N,127,B,RACK,2834,144,72,40,48,60,661
1N127C,1N,127,C,RACK,2834,144,144,40,48,60,477
1N127D,1N,127,D,RACK,2834,144,216,40,48,60,349
1N128A,1N,128,A,RACK,2834,90,0,40,48,60,348
1N128B,1N,128,B,RACK,2834,90,72,40,48,60,243
1N128C,1N,128,C,RACK,2834,90,144,40,48,60,412
1N128D,1N,128,D,RACK,2834,90,216,40,48,60,828
1N129A,1N,129,A,RACK,2834,36,0,40,48,60,867
1N129B,1N,129,B,RACK,2834,36,72,40,48,60,605
1N129C,1N,129,C,RACK,2834,36,144,40,48,60,523
1N129D,1N,129,D,RACK,2834,36,216,40,48,60,608
1P100A,1P,100,A,RACK,2880,1788,0,40,48,60,289
1P100B,1P,100,B,RACK,2880,1788,72,40,48,60,31
1P100C,1P,100,C,RACK,2880,1788,144,40,48,60,823
1P100D,1P,100,D,RACK,2880,1788,216,40,48,60,678
1P101A,1P,101,A,RACK,2880,1734,0,40,48,60,389
1P101B,1P,101,B,RACK,2880,1734,72,40,48,60,575
1P101C,1P,101,C,RACK,2880,1734,144,40,48,60,46
1P101D,1P,101,D,RACK,2880,1734,216,40,48,60,941
1P102A,1P,102,A,RACK,2880,1680,0,40,48,60,148
1P102B,1P,102,B,RACK,2880,1680,72,40,48,60,587
1P102C,1P,102,C,RACK,2880,1680,144,40,48,60,802
1P102D,1P,102,D,RACK,2880,1680,216,40,48,60,831
1P103A,1P,103,A,RACK,2880,1620,0,40,48,60,179
1P103B,1P,103,B,RACK,2880,1620,72,40,48,60,199
1P103C,1P,103,C,RACK,2880,1620,144,40,48,60,342
1P103D,1P,103,D,RACK,2880,1620,216,40,48,60,367
1P104A,1P,104,A,RACK,2880,1566,0,40,48,60,813
1P104B,1P,104,B,RACK,2880,1566,72,40,48,60,770
1P104C,1P,104,C,RACK,2880,1566,144,40,48,60,973
1P104D,1P,104,D,RACK,2880,1566,216,40,48,60,770
1P105A,1P,105,A,RACK,2880,1512,0,40,48,60,6
1P105B,1P,105,B,RACK,2880,1512,72,40,48,60,452
1P105C,1P,105,C,RACK,2880,1512,144,40,48,60,771
1P105D,1P,105,D,RACK,2880,1512,216,40,48,60,925
1P106A,1P,106,A,RACK,2880,1452,0,40,48,60,561
1P106B,1P,106,B,RACK,2880,1452,72,40,48,60,385
1P106C,1P,106,C,RACK,2880,1452,144,40,48,60,757
1P106D,1P,106,D,RACK,2880,1452,216,40,48,60,71
1P107A,1P,107,A,RACK,2880,1398,0,40,48,60,24
1P107B,1P,107,B,RACK,2880,1398,72,40,48,60,284
1P107C,1P,107,C,RACK,2880,1398,144,40,48,60,192
1P107D,1P,107,D,RACK,2880,1398,216,40,48,60,506
1P108A,1P,108,A,RACK,2880,1344,0,40,48,60,914
1P108B,1P,108,B,RACK,2880,1344,72,40,48,60,27
1P108C,1P,108,C,RACK,2880,1344,144,40,48,60,667
1P108D,1P,108,D,RACK,2880,1344,216,40,48,60,253
1P109A,1P,109,A,RACK,2880,1284,0,40,48,60,304
1P109B,1P,109,B,RACK,2880,1284,72,40,48,60,53
1P109C,1P,109,C,RACK,2880,1284,144,40,48,60,843
1P109D,1P,109,D,RACK,2880,1284,216,40,48,60,165
1P110A,1P,110,A,RACK,2880,1230,0,40,48,60,256
1P110B,1P,110,B,RACK,2880,1230,72,40,48,60,142
1P110C,1P,110,C,RACK,2880,1230,144,40,48,60,180
1P110D,1P,110,D,RACK,2880,1230,216,40,48,60,113
1P111A,1P,111,A,RACK,2880,1176,0,40,48,60,112
1P111B,1P,111,B,RACK,2880,1176,72,40,48,60,658
1P111C,1P,111,C,RACK,2880,1176,144,40,48,60,831
1P111D,1P,111,D,RACK,2880,1176,216,40,48,60,656
1P112A,1P,112,A,RACK,2880,1116,0,40,48,60,280
1P112B,1P,112,B,RACK,2880,1116,72,40,48,60,129
1P112C,1P,112,C,RACK,2880,1116,144,40,48,60,688
1P112D,1P,112,D,RACK,2880,1116,216,40,48,60,219
1P113A,1P,113,A,RACK,2880,1062,0,40,48,60,413
1P113B,1P,113,B,RACK,2880,1062,72,40,48,60,973
1P113C,1P,113,C,RACK,2880,1062,144,40,48,60,311
1P113D,1P,113,D,RACK,2880,1062,216,40,48,60,747
1P114A,1P,114,A,RACK,2880,1008,0,40,48,60,773
1P114B,1P,114,B,RACK,2880,1008,72,40,48,60,648
1P114C,1P,114,C,RACK,2880,1008,144,40,48,60,833
1P114D,1P,114,D,RACK,2880,1008,216,40,48,60,497
1P115A,1P,115,A,RACK,2880,816,0,40,48,60,468
1P115B,1P,115,B,RACK,2880,816,72,40,48,60,526
1P115C,1P,115,C,RACK,2880,816,144,40,48,60,696
1P115D,1P,115,D,RACK,2880,816,216,40,48,60,151
1P116A,1P,116,A,RACK,2880,762,0,40,48,60,209
1P116B,1P,116,B,RACK,2880,762,72,40,48,60,16
1P116C,1P,116,C,RACK,2880,762,144,40,48,60,930
1P116D,1P,116,D,RACK,2880,762,216,40,48,60,191
1P117A,1P,117,A,RACK,2880,708,0,40,48,60,670
1P117B,1P,117,B,RACK,2880,708,72,40,48,60,521
1P117C,1P,117,C,RACK,2880,708,144,40,48,60,663
1P117D,1P,117,D,RACK,2880,708,216,40,48,60,534
1P118A,1P,118,A,RACK,2880,648,0,40,48,60,748
1P118B,1P,118,B,RACK,2880,648,72,40,48,60,811
1P118C,1P,118,C,RACK,2880,648,144,40,48,60,545
1P118D,1P,118,D,RACK,2880,648,216,40,48,60,523
1P119A,1P,119,A,RACK,2880,594,0,40,48,60,281
1P119B,1P,119,B,RACK,2880,594,72,40,48,60,385
1P119C,1P,119,C,RACK,2880,594,144,40,48,60,284
1P119D,1P,119,D,RACK,2880,594,216,40,48,60,628
1P120A,1P,120,A,RACK,2880,540,0,40,48,60,156
1P120B,1P,120,B,RACK,2880,540,72,40,48,60,812
1P120C,1P,120,C,RACK,2880,540,144,40,48,60,782
1P120D,1P,120,D,RACK,2880,540,216,40,48,60,206
1P121A,1P,121,A,RACK,2880,480,0,40,48,60,167
1P121B,1P,121,B,RACK,2880,480,72,40,48,60,431
1P121C,1P,121,C,RACK,2880,480,144,40,48,60,179
1P121D,1P,121,D,RACK,2880,480,216,40,48,60,436
1P122A,1P,122,A,RACK,2880,426,0,40,48,60,538
1P122B,1P,122,B,RACK,2880,426,72,40,48,60,847
1P122C,1P,122,C,RACK,2880,426,144,40,48,60,85
1P122D,1P,122,D,RACK,2880,426,216,40,48,60,939
1P123A,1P,123,A,RACK,2880,372,0,40,48,60,788
1P123B,1P,123,B,RACK,2880,372,72,40,48,60,564
1P123C,1P,123,C,RACK,2880,372,144,40,48,60,639
1P123D,1P,123,D,RACK,2880,372,216,40,48,60,868
1P124A,1P,124,A,RACK,2880,312,0,40,48,60,306
1P124B,1P,124,B,RACK,2880,312,72,40,48,60,692
1P124C,1P,124,C,RACK,2880,312,144,40,48,60,925
1P124D,1P,124,D,RACK,2880,312,216,40,48,60,503
1P125A,1P,125,A,RACK,2880,258,0,40,48,60,180
1P125B,1P,125,B,RACK,2880,258,72,40,48,60,595
1P125C,1P,125,C,RACK,2880,258,144,40,48,60,196
1P125D,1P,125,D,RACK,2880,258,216,40,48,60,807
1P126A,1P,126,A,RACK,2880,204,0,40,48,60,588
1P126B,1P,126,B,RACK,2880,204,72,40,48,60,418
1P126C,1P,126,C,RACK,2880,204,144,40,48,60,825
1P126D,1P,126,D,RACK,2880,204,216,40,48,60,791
1P127A,1P,127,A,RACK,2880,144,0,40,48,60,870
1P127B,1P,127,B,RACK,2880,144,72,40,48,60,479
1P127C,1P,127,C,RACK,2880,144,144,40,48,60,34
1P127D,1P,127,D,RACK,2880,144,216,40,48,60,972
1P128A,1P,128,A,RACK,2880,90,0,40,48,60,816
1P128B,1P,128,B,RACK,2880,90,72,40,48,60,463
1P128C,1P,128,C,RACK,2880,90,144,40,48,60,515
1P128D,1P,128,D,RACK,2880,90,216,40,48,60,523
1P129A,1P,129,A,RACK,2880,36,0,40,48,60,374
1P129B,1P,129,B,RACK,2880,36,72,40,48,60,943
1P129C,1P,129,C,RACK,2880,36,144,40,48,60,472
1P129D,1P,129,D,RACK,2880,36,216,40,48,60,61
1Q100A,1Q,100,A,RACK,3064,1788,0,40,48,60,722
1Q100B,1Q,100,B,RACK,3064,1788,72,40,48,60,84
1Q100C,1Q,100,C,RACK,3064,1788,144,40,48,60,592
1Q100D,1Q,100,D,RACK,3064,1788,216,40,48,60,629
1Q101A,1Q,101,A,RACK,3064,1734,0,40,48,60,626
1Q101B,1Q,101,B,RACK,3064,1734,72,40,48,60,633
1Q101C,1Q,101,C,RACK,3064,1734,144,40,48,60,881
1Q101D,1Q,101,D,RACK,3064,1734,216,40,48,60,536
1Q102A,1Q,102,A,RACK,3064,1680,0,40,48,60,708
1Q102B,1Q,102,B,RACK,3064,1680,72,40,48,60,40
1Q102C,1Q,102,C,RACK,3064,1680,144,40,48,60,368
1Q102D,1Q,102,D,RACK,3064,1680,216,40,48,60,651
1Q103A,1Q,103,A,RACK,3064,1620,0,40,48,60,584
1Q103B,1Q,103,B,RACK,3064,1620,72,40,48,60,223
1Q103C,1Q,103,C,RACK,3064,1620,144,40,48,60,852
1Q103D,1Q,103,D,RACK,3064,1620,216,40,48,60,376
1Q104A,1Q,104,A,RACK,3064,1566,0,40,48,60,984
1Q104B,1Q,104,B,RACK,3064,1566,72,40,48,60,734
1Q104C,1Q,104,C,RACK,3064,1566,144,40,48,60,638
1Q104D,1Q,104,D,RACK,3064,1566,216,40,48,60,921
1Q105A,1Q,105,A,RACK,3064,1512,0,40,48,60,183
1Q105B,1Q,105,B,RACK,3064,1512,72,40,48,60,668
1Q105C,1Q,105,C,RACK,3064,1512,144,40,48,60,218
1Q105D,1Q,105,D,RACK,3064,1512,216,40,48,60,875
1Q106A,1Q,106,A,RACK,3064,1452,0,40,48,60,908
1Q106B,1Q,106,B,RACK,3064,1452,72,40,48,60,607
1Q106C,1Q,106,C,RACK,3064,1452,144,40,48,60,172
1Q106D,1Q,106,D,RACK,3064,1452,216,40,48,60,380
1Q107A,1Q,107,A,RACK,3064,1398,0,40,48,60,331
1Q107B,1Q,107,B,RACK,3064,1398,72,40,48,60,332
1Q107C,1Q,107,C,RACK,3064,1398,144,40,48,60,768
1Q107D,1Q,107,D,RACK,3064,1398,216,40,48,60,289
1Q108A,1Q,108,A,RACK,3064,1344,0,40,48,60,121
1Q108B,1Q,108,B,RACK,3064,1344,72,40,48,60,405
1Q108C,1Q,108,C,RACK,3064,1344,144,40,48,60,316
1Q108D,1Q,108,D,RACK,3064,1344,216,40,48,60,93
1Q109A,1Q,109,A,RACK,3064,1284,0,40,48,60,596
1Q109B,1Q,109,B,RACK,3064,1284,72,40,48,60,529
1Q109C,1Q,109,C,RACK,3064,1284,144,40,48,60,330
1Q109D,1Q,109,D,RACK,3064,1284,216,40,48,60,978
1Q110A,1Q,110,A,RACK,3064,1230,0,40,48,60,264
1Q110B,1Q,110,B,RACK,3064,1230,72,40,48,60,374
1Q110C,1Q,110,C,RACK,3064,1230,144,40,48,60,241
1Q110D,1Q,110,D,RACK,3064,1230,216,40,48,60,509
1Q111A,1Q,111,A,RACK,3064,1176,0,40,48,60,749
1Q111B,1Q,111,B,RACK,3064,1176,72,40,48,60,34
1Q111C,1Q,111,C,RACK,3064,1176,144,40,48,60,358
1Q111D,1Q,111,D,RACK,3064,1176,216,40,48,60,261
1Q112A,1Q,112,A,RACK,3064,1116,0,40,48,60,89
1Q112B,1Q,112,B,RACK,3064,1116,72,40,48,60,848
1Q112C,1Q,112,C,RACK,3064,1116,144,40,48,60,734
1Q112D,1Q,112,D,RACK,3064,1116,216,40,48,60,512
1Q113A,1Q,113,A,RACK,3064,1062,0,40,48,60,108
1Q113B,1Q,113,B,RACK,3064,1062,72,40,48,60,50
1Q113C,1Q,113,C,RACK,3064,1062,144,40,48,60,40
1Q113D,1Q,113,D,RACK,3064,1062,216,40,48,60,499
1Q114A,1Q,114,A,RACK,3064,1008,0,40,48,60,790
1Q114B,1Q,114,B,RACK,3064,1008,72,40,48,60,959
1Q114C,1Q,114,C,RACK,3064,1008,144,40,48,60,333
1Q114D,1Q,114,D,RACK,3064,1008,216,40,48,60,872
1Q115A,1Q,115,A,RACK,3064,816,0,40,48,60,119
1Q115B,1Q,115,B,RACK,3064,816,72,40,48,60,869
1Q115C,1Q,115,C,RACK,3064,816,144,40,48,60,122
1Q115D,1Q,115,D,RACK,3064,816,216,40,48,60,312
1Q116A,1Q,116,A,RACK,3064,762,0,40,48,60,320
1Q116B,1Q,116,B,RACK,3064,762,72,40,48,60,669
1Q116C,1Q,116,C,RACK,3064,762,144,40,48,60,168
1Q116D,1Q,116,D,RACK,3064,762,216,40,48,60,532
1Q117A,1Q,117,A,RACK,3064,708,0,40,48,60,509
1Q117B,1Q,117,B,RACK,3064,708,72,40,48,60,553
1Q117C,1Q,117,C,RACK,3064,708,144,40,48,60,11
1Q117D,1Q,117,D,RACK,3064,708,216,40,48,60,420
1Q118A,1Q,118,A,RACK,3064,648,0,40,48,60,474
1Q118B,1Q,118,B,RACK,3064,648,72,40,48,60,547
1Q118C,1Q,118,C,RACK,3064,648,144,40,48,60,238
1Q118D,1Q,118,D,RACK,3064,648,216,40,48,60,90
1Q119A,1Q,119,A,RACK,3064,594,0,40,48,60,742
1Q119B,1Q,119,B,RACK,3064,594,72,40,48,60,858
1Q119C,1Q,119,C,RACK,3064,594,144,40,48,60,297
1Q119D,1Q,119,D,RACK,3064,594,216,40,48,60,86
1Q120A,1Q,120,A,RACK,3064,540,0,40,48,60,738
1Q120B,1Q,120,B,RACK,3064,540,72,40,48,60,129
1Q120C,1Q,120,C,RACK,3064,540,144,40,48,60,616
1Q120D,1Q,120,D,RACK,3064,540,216,40,48,60,557
1Q121A,1Q,121,A,RACK,3064,480,0,40,48,60,492
1Q121B,1Q,121,B,RACK,3064,480,72,40,48,60,758
1Q121C,1Q,121,C,RACK,3064,480,144,40,48,60,384
1Q121D,1Q,121,D,RACK,3064,480,216,40,48,60,362
1Q122A,1Q,122,A,RACK,3064,426,0,40,48,60,627
1Q122B,1Q,122,B,RACK,3064,426,72,40,48,60,485
1Q122C,1Q,122,C,RACK,3064,426,144,40,48,60,666
1Q122D,1Q,122,D,RACK,3064,426,216,40,48,60,296
1Q123A,1Q,123,A,RACK,3064,372,0,40,48,60,918
1Q123B,1Q,123,B,RACK,3064,372,72,40,48,60,790
1Q123C,1Q,123,C,RACK,3064,372,144,40,48,60,711
1Q123D,1Q,123,D,RACK,3064,372,216,40,48,60,591
1Q124A,1Q,124,A,RACK,3064,312,0,40,48,60,77
1Q124B,1Q,124,B,RACK,3064,312,72,40,48,60,930
1Q124C,1Q,124,C,RACK,3064,312,144,40,48,60,211
1Q124D,1Q,124,D,RACK,3064,312,216,40,48,60,589
1Q125A,1Q,125,A,RACK,3064,258,0,40,48,60,510
1Q125B,1Q,125,B,RACK,3064,258,72,40,48,60,787
1Q125C,1Q,125,C,RACK,3064,258,144,40,48,60,668
1Q125D,1Q,125,D,RACK,3064,258,216,40,48,60,699
1Q126A,1Q,126,A,RACK,3064,204,0,40,48,60,673
1Q126B,1Q,126,B,RACK,3064,204,72,40,48,60,633
1Q126C,1Q,126,C,RACK,3064,204,144,40,48,60,138
1Q126D,1Q,126,D,RACK,3064,204,216,40,48,60,548
1Q127A,1Q,127,A,RACK,3064,144,0,40,48,60,199
1Q127B,1Q,127,B,RACK,3064,144,72,40,48,60,390
1Q127C,1Q,127,C,RACK,3064,144,144,40,48,60,801
1Q127D,1Q,127,D,RACK,3064,144,216,40,48,60,156
1Q128A,1Q,128,A,RACK,3064,90,0,40,48,60,977
1Q128B,1Q,128,B,RACK,3064,90,72,40,48,60,484
1Q128C,1Q,128,C,RACK,3064,90,144,40,48,60,154
1Q128D,1Q,128,D,RACK,3064,90,216,40,48,60,557
1Q129A,1Q,129,A,RACK,3064,36,0,40,48,60,408
1Q129B,1Q,129,B,RACK,3064,36,72,40,48,60,466
1Q129C,1Q,129,C,RACK,3064,36,144,40,48,60,244
1Q129D,1Q,129,D,RACK,3064,36,216,40,48,60,738
1R100A,1R,100,A,RACK,3110,1788,0,40,48,60,608
1R100B,1R,100,B,RACK,3110,1788,72,40,48,60,496
1R100C,1R,100,C,RACK,3110,1788,144,40,48,60,351
1R100D,1R,100,D,RACK,3110,1788,216,40,48,60,252
1R101A,1R,101,A,RACK,3110,1734,0,40,48,60,902
1R101B,1R,101,B,RACK,3110,1734,72,40,48,60,140
1R101C,1R,101,C,RACK,3110,1734,144,40,48,60,540
1R101D,1R,101,D,RACK,3110,1734,216,40,48,60,351
1R102A,1R,102,A,RACK,3110,1680,0,40,48,60,69
1R102B,1R,102,B,RACK,3110,1680,72,40,48,60,305
1R102C,1R,102,C,RACK,3110,1680,144,40,48,60,410
1R102D,1R,102,D,RACK,3110,1680,216,40,48,60,884
1R103A,1R,103,A,RACK,3110,1620,0,40,48,60,862
1R103B,1R,103,B,RACK,3110,1620,72,40,48,60,985
1R103C,1R,103,C,RACK,3110,1620,144,40,48,60,748
1R103D,1R,103,D,RACK,3110,1620,216,40,48,60,238
1R104A,1R,104,A,RACK,3110,1566,0,40,48,60,693
1R104B,1R,104,B,RACK,3110,1566,72,40,48,60,245
1R104C,1R,104,C,RACK,3110,1566,144,40,48,60,145
1R104D,1R,104,D,RACK,3110,1566,216,40,48,60,385
1R105A,1R,105,A,RACK,3110,1512,0,40,48,60,850
1R105B,1R,105,B,RACK,3110,1512,72,40,48,60,371
1R105C,1R,105,C,RACK,3110,1512,144,40,48,60,928
1R105D,1R,105,D,RACK,3110,1512,216,40,48,60,379
1R106A,1R,106,A,RACK,3110,1452,0,40,48,60,139
1R106B,1R,106,B,RACK,3110,1452,72,40,48,60,888
1R106C,1R,106,C,RACK,3110,1452,144,40,48,60,771
1R106D,1R,106,D,RACK,3110,1452,216,40,48,60,920
1R107A,1R,107,A,RACK,3110,1398,0,40,48,60,36
1R107B,1R,107,B,RACK,3110,1398,72,40,48,60,471
1R107C,1R,107,C,RACK,3110,1398,144,40,48,60,293
1R107D,1R,107,D,RACK,3110,1398,216,40,48,60,935
1R108A,1R,108,A,RACK,3110,1344,0,40,48,60,219
1R108B,1R,108,B,RACK,3110,1344,72,40,48,60,285
1R108C,1R,108,C,RACK,3110,1344,144,40,48,60,198
1R108D,1R,108,D,RACK,3110,1344,216,40,48,60,545
1R109A,1R,109,A,RACK,3110,1284,0,40,48,60,12
1R109B,1R,109,B,RACK,3110,1284,72,40,48,60,663
1R109C,1R,109,C,RACK,3110,1284,144,40,48,60,34
1R109D,1R,109,D,RACK,3110,1284,216,40,48,60,552
1R110A,1R,110,A,RACK,3110,1230,0,40,48,60,952
1R110B,1R,110,B,RACK,3110,1230,72,40,48,60,519
1R110C,1R,110,C,RACK,3110,1230,144,40,48,60,100
1R110D,1R,110,D,RACK,3110,1230,216,40,48,60,322
1R111A,1R,111,A,RACK,3110,1176,0,40,48,60,5
1R111B,1R,111,B,RACK,3110,1176,72,40,48,60,178
1R111C,1R,111,C,RACK,3110,1176,144,40,48,60,726
1R111D,1R,111,D,RACK,3110,1176,216,40,48,60,647
1R112A,1R,112,A,RACK,3110,1116,0,40,48,60,169
1R112B,1R,112,B,RACK,3110,1116,72,40,48,60,995
1R112C,1R,112,C,RACK,3110,1116,144,40,48,60,343
1R112D,1R,112,D,RACK,3110,1116,216,40,48,60,299
1R113A,1R,113,A,RACK,3110,1062,0,40,48,60,637
1R113B,1R,113,B,RACK,3110,1062,72,40,48,60,845
1R113C,1R,113,C,RACK,3110,1062,144,40,48,60,316
1R113D,1R,113,D,RACK,3110,1062,216,40,48,60,838
1R114A,1R,114,A,RACK,3110,1008,0,40,48,60,31
1R114B,1R,114,B,RACK,3110,1008,72,40,48,60,148
1R114C,1R,114,C,RACK,3110,1008,144,40,48,60,881
1R114D,1R,114,D,RACK,3110,1008,216,40,48,60,822
1R115A,1R,115,A,RACK,3110,816,0,40,48,60,244
1R115B,1R,115,B,RACK,3110,816,72,40,48,60,728
1R115C,1R,115,C,RACK,3110,816,144,40,48,60,412
1R115D,1R,115,D,RACK,3110,816,216,40,48,60,792
1R116A,1R,116,A,RACK,3110,762,0,40,48,60,444
1R116B,1R,116,B,RACK,3110,762,72,40,48,60,992
1R116C,1R,116,C,RACK,3110,762,144,40,48,60,335
1R116D,1R,116,D,RACK,3110,762,216,40,48,60,537
1R117A,1R,117,A,RACK,3110,708,0,40,48,60,681
1R117B,1R,117,B,RACK,3110,708,72,40,48,60,67
1R117C,1R,117,C,RACK,3110,708,144,40,48,60,799
1R117D,1R,117,D,RACK,3110,708,216,40,48,60,56
1R118A,1R,118,A,RACK,3110,648,0,40,48,60,255
1R118B,1R,118,B,RACK,3110,648,72,40,48,60,734
1R118C,1R,118,C,RACK,3110,648,144,40,48,60,423
1R118D,1R,118,D,RACK,3110,648,216,40,48,60,728
1R119A,1R,119,A,RACK,3110,594,0,40,48,60,531
1R119B,1R,119,B,RACK,3110,594,72,40,48,60,831
1R119C,1R,119,C,RACK,3110,594,144,40,48,60,867
1R119D,1R,119,D,RACK,3110,594,216,40,48,60,696
1R120A,1R,120,A,RACK,3110,540,0,40,48,60,462
1R120B,1R,120,B,RACK,3110,540,72,40,48,60,912
1R120C,1R,120,C,RACK,3110,540,144,40,48,60,567
1R120D,1R,120,D,RACK,3110,540,216,40,48,60,733
1R121A,1R,121,A,RACK,3110,480,0,40,48,60,992
1R121B,1R,121,B,RACK,3110,480,72,40,48,60,523
1R121C,1R,121,C,RACK,3110,480,144,40,48,60,267
1R121D,1R,121,D,RACK,3110,480,216,40,48,60,553
1R122A,1R,122,A,RACK,3110,426,0,40,48,60,886
1R122B,1R,122,B,RACK,3110,426,72,40,48,60,533
1R122C,1R,122,C,RACK,3110,426,144,40,48,60,79
1R122D,1R,122,D,RACK,3110,426,216,40,48,60,45
1R123A,1R,123,A,RACK,3110,372,0,40,48,60,50
1R123B,1R,123,B,RACK,3110,372,72,40,48,60,556
1R123C,1R,123,C,RACK,3110,372,144,40,48,60,112
1R123D,1R,123,D,RACK,3110,372,216,40,48,60,399
1R124A,1R,124,A,RACK,3110,312,0,40,48,60,176
1R124B,1R,124,B,RACK,3110,312,72,40,48,60,903
1R124C,1R,124,C,RACK,3110,312,144,40,48,60,642
1R124D,1R,124,D,RACK,3110,312,216,40,48,60,766
1R125A,1R,125,A,RACK,3110,258,0,40,48,60,990
1R125B,1R,125,B,RACK,3110,258,72,40,48,60,437
1R125C,1R,125,C,RACK,3110,258,144,40,48,60,284
1R125D,1R,125,D,RACK,3110,258,216,40,48,60,122
1R126A,1R,126,A,RACK,3110,204,0,40,48,60,743
1R126B,1R,126,B,RACK,3110,204,72,40,48,60,307
1R126C,1R,126,C,RACK,3110,204,144,40,48,60,130
1R126D,1R,126,D,RACK,3110,204,216,40,48,60,342
1R127A,1R,127,A,RACK,3110,144,0,40,48,60,911
1R127B,1R,127,B,RACK,3110,144,72,40,48,60,180
1R127C,1R,127,C,RACK,3110,144,144,40,48,60,847
1R127D,1R,127,D,RACK,3110,144,216,40,48,60,264
1R128A,1R,128,A,RACK,3110,90,0,40,48,60,674
1R128B,1R,128,B,RACK,3110,90,72,40,48,60,852
1R128C,1R,128,C,RACK,3110,90,144,40,48,60,333
1R128D,1R,128,D,RACK,3110,90,216,40,48,60,405
1R129A,1R,129,A,RACK,3110,36,0,40,48,60,38
1R129B,1R,129,B,RACK,3110,36,72,40,48,60,967
1R129C,1R,129,C,RACK,3110,36,144,40,48,60,704
1R129D,1R,129,D,RACK,3110,36,216,40,48,60,194
1S100A,1S,100,A,RACK,3294,1788,0,40,48,60,708
1S100B,1S,100,B,RACK,3294,1788,72,40,48,60,964
1S100C,1S,100,C,RACK,3294,1788,144,40,48,60,78
1S100D,1S,100,D,RACK,3294,1788,216,40,48,60,201
1S101A,1S,101,A,RACK,3294,1734,0,40,48,60,257
1S101B,1S,101,B,RACK,3294,1734,72,40,48,60,442
1S101C,1S,101,C,RACK,3294,1734,144,40,48,60,506
1S101D,1S,101,D,RACK,3294,1734,216,40,48,60,7
1S102A,1S,102,A,RACK,3294,1680,0,40,48,60,347
1S102B,1S,102,B,RACK,3294,1680,72,40,48,60,553
1S102C,1S,102,C,RACK,3294,1680,144,40,48,60,126
1S102D,1S,102,D,RACK,3294,1680,216,40,48,60,605
1S103A,1S,103,A,RACK,3294,1620,0,40,48,60,635
1S103B,1S,103,B,RACK,3294,1620,72,40,48,60,475
1S103C,1S,103,C,RACK,3294,1620,144,40,48,60,123
1S103D,1S,103,D,RACK,3294,1620,216,40,48,60,517
1S104A,1S,104,A,RACK,3294,1566,0,40,48,60,645
1S104B,1S,104,B,RACK,3294,1566,72,40,48,60,140
1S104C,1S,104,C,RACK,3294,1566,144,40,48,60,501
1S104D,1S,104,D,RACK,3294,1566,216,40,48,60,768
1S105A,1S,105,A,RACK,3294,1512,0,40,48,60,655
1S105B,1S,105,B,RACK,3294,1512,72,40,48,60,949
1S105C,1S,105,C,RACK,3294,1512,144,40,48,60,410
1S105D,1S,105,D,RACK,3294,1512,216,40,48,60,735
1S106A,1S,106,A,RACK,3294,1452,0,40,48,60,815
1S106B,1S,106,B,RACK,3294,1452,72,40,48,60,65
1S106C,1S,106,C,RACK,3294,1452,144,40,48,60,192
1S106D,1S,106,D,RACK,3294,1452,216,40,48,60,342
1S107A,1S,107,A,RACK,3294,1398,0,40,48,60,979
1S107B,1S,107,B,RACK,3294,1398,72,40,48,60,752
1S107C,1S,107,C,RACK,3294,1398,144,40,48,60,640
1S107D,1S,107,D,RACK,3294,1398,216,40,48,60,57
1S108A,1S,108,A,RACK,3294,1344,0,40,48,60,613
1S108B,1S,108,B,RACK,3294,1344,72,40,48,60,46
1S108C,1S,108,C,RACK,3294,1344,144,40,48,60,292
1S108D,1S,108,D,RACK,3294,1344,216,40,48,60,531
1S109A,1S,109,A,RACK,3294,1284,0,40,48,60,698
1S109B,1S,109,B,RACK,3294,1284,72,40,48,60,320
1S109C,1S,109,C,RACK,3294,1284,144,40,48,60,69
1S109D,1S,109,D,RACK,3294,1284,216,40,48,60,571
1S110A,1S,110,A,RACK,3294,1230,0,40,48,60,350
1S110B,1S,110,B,RACK,3294,1230,72,40,48,60,392
1S110C,1S,110,C,RACK,3294,1230,144,40,48,60,449
1S110D,1S,110,D,RACK,3294,1230,216,40,48,60,939
1S111A,1S,111,A,RACK,3294,1176,0,40,48,60,8
1S111B,1S,111,B,RACK,3294,1176,72,40,48,60,260
1S111C,1S,111,C,RACK,3294,1176,144,40,48,60,500
1S111D,1S,111,D,RACK,3294,1176,216,40,48,60,595
1S112A,1S,112,A,RACK,3294,1116,0,40,48,60,635
1S112B,1S,112,B,RACK,3294,1116,72,40,48,60,165
1S112C,1S,112,C,RACK,3294,1116,144,40,48,60,617
1S112D,1S,112,D,RACK,3294,1116,216,40,48,60,659
1S113A,1S,113,A,RACK,3294,1062,0,40,48,60,602
1S113B,1S,113,B,RACK,3294,1062,72,40,48,60,63
1S113C,1S,113,C,RACK,3294,1062,144,40,48,60,553
1S113D,1S,113,D,RACK,3294,1062,216,40,48,60,870
1S114A,1S,114,A,RACK,3294,1008,0,40,48,60,394
1S114B,1S,114,B,RACK,3294,1008,72,40,48,60,981
1S114C,1S,114,C,RACK,3294,1008,144,40,48,60,881
1S114D,1S,114,D,RACK,3294,1008,216,40,48,60,612
1S115A,1S,115,A,RACK,3294,816,0,40,48,60,868
1S115B,1S,115,B,RACK,3294,816,72,40,48,60,401
1S115C,1S,115,C,RACK,3294,816,144,40,48,60,122
1S115D,1S,115,D,RACK,3294,816,216,40,48,60,294
1S116A,1S,116,A,RACK,3294,762,0,40,48,60,192
1S116B,1S,116,B,RACK,3294,762,72,40,48,60,472
1S116C,1S,116,C,RACK,3294,762,144,40,48,60,487
1S116D,1S,116,D,RACK,3294,762,216,40,48,60,90
1S117A,1S,117,A,RACK,3294,708,0,40,48,60,686
1S117B,1S,117,B,RACK,3294,708,72,40,48,60,809
1S117C,1S,117,C,RACK,3294,708,144,40,48,60,173
1S117D,1S,117,D,RACK,3294,708,216,40,48,60,299
1S118A,1S,118,A,RACK,3294,648,0,40,48,60,702
1S118B,1S,118,B,RACK,3294,648,72,40,48,60,402
1S118C,1S,118,C,RACK,3294,648,144,40,48,60,432
1S118D,1S,118,D,RACK,3294,648,216,40,48,60,20
1S119A,1S,119,A,RACK,3294,594,0,40,48,60,307
1S119B,1S,119,B,RACK,3294,594,72,40,48,60,844
1S119C,1S,119,C,RACK,3294,594,144,40,48,60,549
1S119D,1S,119,D,RACK,3294,594,216,40,48,60,402
1S120A,1S,120,A,RACK,3294,540,0,40,48,60,144
1S120B,1S,120,B,RACK,3294,540,72,40,48,60,3
1S120C,1S,120,C,RACK,3294,540,144,40,48,60,448
1S120D,1S,120,D,RACK,3294,540,216,40,48,60,517
1S121A,1S,121,A,RACK,3294,480,0,40,48,60,209
1S121B,1S,121,B,RACK,3294,480,72,40,48,60,579
1S121C,1S,121,C,RACK,3294,480,144,40,48,60,69
1S121D,1S,121,D,RACK,3294,480,216,40,48,60,570
1S122A,1S,122,A,RACK,3294,426,0,40,48,60,890
1S122B,1S,122,B,RACK,3294,426,72,40,48,60,631
1S122C,1S,122,C,RACK,3294,426,144,40,48,60,857
1S122D,1S,122,D,RACK,3294,426,216,40,48,60,419
1S123A,1S,123,A,RACK,3294,372,0,40,48,60,334
1S123B,1S,123,B,RACK,3294,372,72,40,48,60,899
1S123C,1S,123,C,RACK,3294,372,144,40,48,60,901
1S123D,1S,123,D,RACK,3294,372,216,40,48,60,621
1S124A,1S,124,A,RACK,3294,312,0,40,48,60,368
1S124B,1S,124,B,RACK,3294,312,72,40,48,60,544
1S124C,1S,124,C,RACK,3294,312,144,40,48,60,481
1S124D,1S,124,D,RACK,3294,312,216,40,48,60,508
1S125A,1S,125,A,RACK,3294,258,0,40,48,60,248
1S125B,1S,125,B,RACK,3294,258,72,40,48,60,777
1S125C,1S,125,C,RACK,3294,258,144,40,48,60,884
1S125D,1S,125,D,RACK,3294,258,216,40,48,60,829
1S126A,1S,126,A,RACK,3294,204,0,40,48,60,50
1S126B,1S,126,B,RACK,3294,204,72,40,48,60,862
1S126C,1S,126,C,RACK,3294,204,144,40,48,60,882
1S126D,1S,126,D,RACK,3294,204,216,40,48,60,952
1S127A,1S,127,A,RACK,3294,144,0,40,48,60,961
1S127B,1S,127,B,RACK,3294,144,72,40,48,60,576
1S127C,1S,127,C,RACK,3294,144,144,40,48,60,421
1S127D,1S,127,D,RACK,3294,144,216,40,48,60,378
1S128A,1S,128,A,RACK,3294,90,0,40,48,60,771
1S128B,1S,128,B,RACK,3294,90,72,40,48,60,793
1S128C,1S,128,C,RACK,3294,90,144,40,48,60,603
1S128D,1S,128,D,RACK,3294,90,216,40,48,60,973
1S129A,1S,129,A,RACK,3294,36,0,40,48,60,796
1S129B,1S,129,B,RACK,3294,36,72,40,48,60,901
1S129C,1S,129,C,RACK,3294,36,144,40,48,60,424
1S129D,1S,129,D,RACK,3294,36,216,40,48,60,712
1T100A,1T,100,A,RACK,3340,1788,0,40,48,60,990
1T100B,1T,100,B,RACK,3340,1788,72,40,48,60,549
1T100C,1T,100,C,RACK,3340,1788,144,40,48,60,207
1T100D,1T,100,D,RACK,3340,1788,216,40,48,60,603
1T101A,1T,101,A,RACK,3340,1734,0,40,48,60,13
1T101B,1T,101,B,RACK,3340,1734,72,40,48,60,836
1T101C,1T,101,C,RACK,3340,1734,144,40,48,60,817
1T101D,1T,101,D,RACK,3340,1734,216,40,48,60,926
1T102A,1T,102,A,RACK,3340,1680,0,40,48,60,426
1T102B,1T,102,B,RACK,3340,1680,72,40,48,60,815
1T102C,1T,102,C,RACK,3340,1680,144,40,48,60,872
1T102D,1T,102,D,RACK,3340,1680,216,40,48,60,496
1T103A,1T,103,A,RACK,3340,1620,0,40,48,60,315
1T103B,1T,103,B,RACK,3340,1620,72,40,48,60,617
1T103C,1T,103,C,RACK,3340,1620,144,40,48,60,543
1T103D,1T,103,D,RACK,3340,1620,216,40,48,60,263
1T104A,1T,104,A,RACK,3340,1566,0,40,48,60,302
1T104B,1T,104,B,RACK,3340,1566,72,40,48,60,248
1T104C,1T,104,C,RACK,3340,1566,144,40,48,60,556
1T104D,1T,104,D,RACK,3340,1566,216,40,48,60,132
1T105A,1T,105,A,RACK,3340,1512,0,40,48,60,164
1T105B,1T,105,B,RACK,3340,1512,72,40,48,60,909
1T105C,1T,105,C,RACK,3340,1512,144,40,48,60,982
1T105D,1T,105,D,RACK,3340,1512,216,40,48,60,381
1T106A,1T,106,A,RACK,3340,1452,0,40,48,60,504
1T106B,1T,106,B,RACK,3340,1452,72,40,48,60,132
1T106C,1T,106,C,RACK,3340,1452,144,40,48,60,847
1T106D,1T,106,D,RACK,3340,1452,216,40,48,60,127
1T107A,1T,107,A,RACK,3340,1398,0,40,48,60,514
1T107B,1T,107,B,RACK,3340,1398,72,40,48,60,625
1T107C,1T,107,C,RACK,3340,1398,144,40,48,60,85
1T107D,1T,107,D,RACK,3340,1398,216,40,48,60,776
1T108A,1T,108,A,RACK,3340,1344,0,40,48,60,493
1T108B,1T,108,B,RACK,3340,1344,72,40,48,60,308
1T108C,1T,108,C,RACK,3340,1344,144,40,48,60,998
1T108D,1T,108,D,RACK,3340,1344,216,40,48,60,258
1T109A,1T,109,A,RACK,3340,1284,0,40,48,60,914
1T109B,1T,109,B,RACK,3340,1284,72,40,48,60,784
1T109C,1T,109,C,RACK,3340,1284,144,40,48,60,428
1T109D,1T,109,D,RACK,3340,1284,216,40,48,60,578
1T110A,1T,110,A,RACK,3340,1230,0,40,48,60,152
1T110B,1T,110,B,RACK,3340,1230,72,40,48,60,787
1T110C,1T,110,C,RACK,3340,1230,144,40,48,60,800
1T110D,1T,110,D,RACK,3340,1230,216,40,48,60,116
1T111A,1T,111,A,RACK,3340,1176,0,40,48,60,608
1T111B,1T,111,B,RACK,3340,1176,72,40,48,60,542
1T111C,1T,111,C,RACK,3340,1176,144,40,48,60,802
1T111D,1T,111,D,RACK,3340,1176,216,40,48,60,63
1T112A,1T,112,A,RACK,3340,1116,0,40,48,60,951
1T112B,1T,112,B,RACK,3340,1116,72,40,48,60,147
1T112C,1T,112,C,RACK,3340,1116,144,40,48,60,838
1T112D,1T,112,D,RACK,3340,1116,216,40,48,60,625
1T113A,1T,113,A,RACK,3340,1062,0,40,48,60,189
1T113B,1T,113,B,RACK,3340,1062,72,40,48,60,611
1T113C,1T,113,C,RACK,3340,1062,144,40,48,60,780
1T113D,1T,113,D,RACK,3340,1062,216,40,48,60,494
1T114A,1T,114,A,RACK,3340,1008,0,40,48,60,914
1T114B,1T,114,B,RACK,3340,1008,72,40,48,60,585
1T114C,1T,114,C,RACK,3340,1008,144,40,48,60,249
1T114D,1T,114,D,RACK,3340,1008,216,40,48,60,232
1T115A,1T,115,A,RACK,3340,816,0,40,48,60,528
1T115B,1T,115,B,RACK,3340,816,72,40,48,60,807
1T115C,1T,115,C,RACK,3340,816,144,40,48,60,891
1T115D,1T,115,D,RACK,3340,816,216,40,48,60,1000
1T116A,1T,116,A,RACK,3340,762,0,40,48,60,187
1T116B,1T,116,B,RACK,3340,762,72,40,48,60,820
1T116C,1T,116,C,RACK,3340,762,144,40,48,60,328
1T116D,1T,116,D,RACK,3340,762,216,40,48,60,810
1T117A,1T,117,A,RACK,3340,708,0,40,48,60,38
1T117B,1T,117,B,RACK,3340,708,72,40,48,60,588
1T117C,1T,117,C,RACK,3340,708,144,40,48,60,339
1T117D,1T,117,D,RACK,3340,708,216,40,48,60,26
1T118A,1T,118,A,RACK,3340,648,0,40,48,60,948
1T118B,1T,118,B,RACK,3340,648,72,40,48,60,811
1T118C,1T,118,C,RACK,3340,648,144,40,48,60,759
1T118D,1T,118,D,RACK,3340,648,216,40,48,60,807
1T119A,1T,119,A,RACK,3340,594,0,40,48,60,77
1T119B,1T,119,B,RACK,3340,594,72,40,48,60,918
1T119C,1T,119,C,RACK,3340,594,144,40,48,60,677
1T119D,1T,119,D,RACK,3340,594,216,40,48,60,17
1T120A,1T,120,A,RACK,3340,540,0,40,48,60,704
1T120B,1T,120,B,RACK,3340,540,72,40,48,60,252
1T120C,1T,120,C,RACK,3340,540,144,40,48,60,880
1T120D,1T,120,D,RACK,3340,540,216,40,48,60,246
1T121A,1T,121,A,RACK,3340,480,0,40,48,60,531
1T121B,1T,121,B,RACK,3340,480,72,40,48,60,194
1T121C,1T,121,C,RACK,3340,480,144,40,48,60,301
1T121D,1T,121,D,RACK,3340,480,216,40,48,60,345
1T122A,1T,122,A,RACK,3340,426,0,40,48,60,611
1T122B,1T,122,B,RACK,3340,426,72,40,48,60,474
1T122C,1T,122,C,RACK,3340,426,144,40,48,60,807
1T122D,1T,122,D,RACK,3340,426,216,40,48,60,802
1T123A,1T,123,A,RACK,3340,372,0,40,48,60,84
1T123B,1T,123,B,RACK,3340,372,72,40,48,60,303
1T123C,1T,123,C,RACK,3340,372,144,40,48,60,378
1T123D,1T,123,D,RACK,3340,372,216,40,48,60,259
1T124A,1T,124,A,RACK,3340,312,0,40,48,60,749
1T124B,1T,124,B,RACK,3340,312,72,40,48,60,423
1T124C,1T,124,C,RACK,3340,312,144,40,48,60,216
1T124D,1T,124,D,RACK,3340,312,216,40,48,60,504
1T125A,1T,125,A,RACK,3340,258,0,40,48,60,926
1T125B,1T,125,B,RACK,3340,258,72,40,48,60,720
1T125C,1T,125,C,RACK,3340,258,144,40,48,60,25
1T125D,1T,125,D,RACK,3340,258,216,40,48,60,631
1T126A,1T,126,A,RACK,3340,204,0,40,48,60,392
1T126B,1T,126,B,RACK,3340,204,72,40,48,60,158
1T126C,1T,126,C,RACK,3340,204,144,40,48,60,592
1T126D,1T,126,D,RACK,3340,204,216,40,48,60,56
1T127A,1T,127,A,RACK,3340,144,0,40,48,60,792
1T127B,1T,127,B,RACK,3340,144,72,40,48,60,407
1T127C,1T,127,C,RACK,3340,144,144,40,48,60,615
1T127D,1T,127,D,RACK,3340,144,216,40,48,60,704
1T128A,1T,128,A,RACK,3340,90,0,40,48,60,625
1T128B,1T,128,B,RACK,3340,90,72,40,48,60,794
1T128C,1T,128,C,RACK,3340,90,144,40,48,60,926
1T128D,1T,128,D,RACK,3340,90,216,40,48,60,590
1T129A,1T,129,A,RACK,3340,36,0,40,48,60,304
1T129B,1T,129,B,RACK,3340,36,72,40,48,60,462
1T129C,1T,129,C,RACK,3340,36,144,40,48,60,802
1T129D,1T,129,D,RACK,3340,36,216,40,48,60,90
1U100A,1U,100,A,RACK,3524,1788,0,40,48,60,790
1U100B,1U,100,B,RACK,3524,1788,72,40,48,60,982
1U100C,1U,100,C,RACK,3524,1788,144,40,48,60,306
1U100D,1U,100,D,RACK,3524,1788,216,40,48,60,284
1U101A,1U,101,A,RACK,3524,1734,0,40,48,60,370
1U101B,1U,101,B,RACK,3524,1734,72,40,48,60,570
1U101C,1U,101,C,RACK,3524,1734,144,40,48,60,353
1U101D,1U,101,D,RACK,3524,1734,216,40,48,60,49
1U102A,1U,102,A,RACK,3524,1680,0,40,48,60,730
1U102B,1U,102,B,RACK,3524,1680,72,40,48,60,7
1U102C,1U,102,C,RACK,3524,1680,144,40,48,60,312
1U102D,1U,102,D,RACK,3524,1680,216,40,48,60,545
1U103A,1U,103,A,RACK,3524,1620,0,40,48,60,648
1U103B,1U,103,B,RACK,3524,1620,72,40,48,60,447
1U103C,1U,103,C,RACK,3524,1620,144,40,48,60,281
1U103D,1U,103,D,RACK,3524,1620,216,40,48,60,82
1U104A,1U,104,A,RACK,3524,1566,0,40,48,60,432
1U104B,1U,104,B,RACK,3524,1566,72,40,48,60,657
1U104C,1U,104,C,RACK,3524,1566,144,40,48,60,388
1U104D,1U,104,D,RACK,3524,1566,216,40,48,60,129
1U105A,1U,105,A,RACK,3524,1512,0,40,48,60,953
1U105B,1U,105,B,RACK,3524,1512,72,40,48,60,429
1U105C,1U,105,C,RACK,3524,1512,144,40,48,60,77
1U105D,1U,105,D,RACK,3524,1512,216,40,48,60,718
1U106A,1U,106,A,RACK,3524,1452,0,40,48,60,73
1U106B,1U,106,B,RACK,3524,1452,72,40,48,60,443
1U106C,1U,106,C,RACK,3524,1452,144,40,48,60,853
1U106D,1U,106,D,RACK,3524,1452,216,40,48,60,201
1U107A,1U,107,A,RACK,3524,1398,0,40,48,60,647
1U107B,1U,107,B,RACK,3524,1398,72,40,48,60,574
1U107C,1U,107,C,RACK,3524,1398,144,40,48,60,856
1U107D,1U,107,D,RACK,3524,1398,216,40,48,60,278
1U108A,1U,108,A,RACK,3524,1344,0,40,48,60,88
1U108B,1U,108,B,RACK,3524,1344,72,40,48,60,877
1U108C,1U,108,C,RACK,3524,1344,144,40,48,60,48
1U108D,1U,108,D,RACK,3524,1344,216,40,48,60,60
1U109A,1U,109,A,RACK,3524,1284,0,40,48,60,262
1U109B,1U,109,B,RACK,3524,1284,72,40,48,60,325
1U109C,1U,109,C,RACK,3524,1284,144,40,48,60,649
1U109D,1U,109,D,RACK,3524,1284,216,40,48,60,120
1U110A,1U,110,A,RACK,3524,1230,0,40,48,60,154
1U110B,1U,110,B,RACK,3524,1230,72,40,48,60,244
1U110C,1U,110,C,RACK,3524,1230,144,40,48,60,907
1U110D,1U,110,D,RACK,3524,1230,216,40,48,60,381
1U111A,1U,111,A,RACK,3524,1176,0,40,48,60,901
1U111B,1U,111,B,RACK,3524,1176,72,40,48,60,880
1U111C,1U,111,C,RACK,3524,1176,144,40,48,60,14
1U111D,1U,111,D,RACK,3524,1176,216,40,48,60,632
1U112A,1U,112,A,RACK,3524,1116,0,40,48,60,607
1U112B,1U,112,B,RACK,3524,1116,72,40,48,60,30
1U112C,1U,112,C,RACK,3524,1116,144,40,48,60,408
1U112D,1U,112,D,RACK,3524,1116,216,40,48,60,786
1U113A,1U,113,A,RACK,3524,1062,0,40,48,60,240
1U113B,1U,113,B,RACK,3524,1062,72,40,48,60,558
1U113C,1U,113,C,RACK,3524,1062,144,40,48,60,673
1U113D,1U,113,D,RACK,3524,1062,216,40,48,60,697
1U114A,1U,114,A,RACK,3524,1008,0,40,48,60,307
1U114B,1U,114,B,RACK,3524,1008,72,40,48,60,940
1U114C,1U,114,C,RACK,3524,1008,144,40,48,60,428
1U114D,1U,114,D,RACK,3524,1008,216,40,48,60,676
1U115A,1U,115,A,RACK,3524,816,0,40,48,60,138
1U115B,1U,115,B,RACK,3524,816,72,40,48,60,616
1U115C,1U,115,C,RACK,3524,816,144,40,48,60,171
1U115D,1U,115,D,RACK,3524,816,216,40,48,60,370
1U116A,1U,116,A,RACK,3524,762,0,40,48,60,18
1U116B,1U,116,B,RACK,3524,762,72,40,48,60,304
1U116C,1U,116,C,RACK,3524,762,144,40,48,60,787
1U116D,1U,116,D,RACK,3524,762,216,40,48,60,956
1U117A,1U,117,A,RACK,3524,708,0,40,48,60,636
1U117B,1U,117,B,RACK,3524,708,72,40,48,60,216
1U117C,1U,117,C,RACK,3524,708,144,40,48,60,571
1U117D,1U,117,D,RACK,3524,708,216,40,48,60,63
1U118A,1U,118,A,RACK,3524,648,0,40,48,60,877
1U118B,1U,118,B,RACK,3524,648,72,40,48,60,303
1U118C,1U,118,C,RACK,3524,648,144,40,48,60,700
1U118D,1U,118,D,RACK,3524,648,216,40,48,60,921
1U119A,1U,119,A,RACK,3524,594,0,40,48,60,807
1U119B,1U,119,B,RACK,3524,594,72,40,48,60,46
1U119C,1U,119,C,RACK,3524,594,144,40,48,60,115
1U119D,1U,119,D,RACK,3524,594,216,40,48,60,372
1U120A,1U,120,A,RACK,3524,540,0,40,48,60,996
1U120B,1U,120,B,RACK,3524,540,72,40,48,60,860
1U120C,1U,120,C,RACK,3524,540,144,40,48,60,794
1U120D,1U,120,D,RACK,3524,540,216,40,48,60,367
1U121A,1U,121,A,RACK,3524,480,0,40,48,60,699
1U121B,1U,121,B,RACK,3524,480,72,40,48,60,224
1U121C,1U,121,C,RACK,3524,480,144,40,48,60,336
1U121D,1U,121,D,RACK,3524,480,216,40,48,60,246
1U122A,1U,122,A,RACK,3524,426,0,40,48,60,844
1U122B,1U,122,B,RACK,3524,426,72,40,48,60,259
1U122C,1U,122,C,RACK,3524,426,144,40,48,60,388
1U122D,1U,122,D,RACK,3524,426,216,40,48,60,344
1U123A,1U,123,A,RACK,3524,372,0,40,48,60,734
1U123B,1U,123,B,RACK,3524,372,72,40,48,60,951
1U123C,1U,123,C,RACK,3524,372,144,40,48,60,993
1U123D,1U,123,D,RACK,3524,372,216,40,48,60,208
1U124A,1U,124,A,RACK,3524,312,0,40,48,60,763
1U124B,1U,124,B,RACK,3524,312,72,40,48,60,150
1U124C,1U,124,C,RACK,3524,312,144,40,48,60,710
1U124D,1U,124,D,RACK,3524,312,216,40,48,60,867
1U125A,1U,125,A,RACK,3524,258,0,40,48,60,686
1U125B,1U,125,B,RACK,3524,258,72,40,48,60,920
1U125C,1U,125,C,RACK,3524,258,144,40,48,60,682
1U125D,1U,125,D,RACK,3524,258,216,40,48,60,736
1U126A,1U,126,A,RACK,3524,204,0,40,48,60,630
1U126B,1U,126,B,RACK,3524,204,72,40,48,60,578
1U126C,1U,126,C,RACK,3524,204,144,40,48,60,910
1U126D,1U,126,D,RACK,3524,204,216,40,48,60,44
1U127A,1U,127,A,RACK,3524,144,0,40,48,60,742
1U127B,1U,127,B,RACK,3524,144,72,40,48,60,51
1U127C,1U,127,C,RACK,3524,144,144,40,48,60,669
1U127D,1U,127,D,RACK,3524,144,216,40,48,60,195
1U128A,1U,128,A,RACK,3524,90,0,40,48,60,737
1U128B,1U,128,B,RACK,3524,90,72,40,48,60,974
1U128C,1U,128,C,RACK,3524,90,144,40,48,60,3
1U128D,1U,128,D,RACK,3524,90,216,40,48,60,398
1U129A,1U,129,A,RACK,3524,36,0,40,48,60,935
1U129B,1U,129,B,RACK,3524,36,72,40,48,60,311
1U129C,1U,129,C,RACK,3524,36,144,40,48,60,868
1U129D,1U,129,D,RACK,3524,36,216,40,48,60,751
1A115A,1A,115,A,RACK,1454,816,0,40,48,60,357
1A115B,1A,115,B,RACK,1454,816,72,40,48,60,702
1A115C,1A,115,C,RACK,1454,816,144,40,48,60,778
1A115D,1A,115,D,RACK,1454,816,216,40,48,60,648
1A116A,1A,116,A,RACK,1454,762,0,40,48,60,972
1A116B,1A,116,B,RACK,1454,762,72,40,48,60,341
1A116C,1A,116,C,RACK,1454,762,144,40,48,60,180
1A116D,1A,116,D,RACK,1454,762,216,40,48,60,494
1A117A,1A,117,A,RACK,1454,708,0,40,48,60,96
1A117B,1A,117,B,RACK,1454,708,72,40,48,60,756
1A117C,1A,117,C,RACK,1454,708,144,40,48,60,966
1A117D,1A,117,D,RACK,1454,708,216,40,48,60,170
1A118A,1A,118,A,RACK,1454,648,0,40,48,60,158
1A118B,1A,118,B,RACK,1454,648,72,40,48,60,705
1A118C,1A,118,C,RACK,1454,648,144,40,48,60,156
1A118D,1A,118,D,RACK,1454,648,216,40,48,60,622
1A119A,1A,119,A,RACK,1454,594,0,40,48,60,363
1A119B,1A,119,B,RACK,1454,594,72,40,48,60,559
1A119C,1A,119,C,RACK,1454,594,144,40,48,60,834
1A119D,1A,119,D,RACK,1454,594,216,40,48,60,853
1A120A,1A,120,A,RACK,1454,540,0,40,48,60,407
1A120B,1A,120,B,RACK,1454,540,72,40,48,60,11
1A120C,1A,120,C,RACK,1454,540,144,40,48,60,333
1A120D,1A,120,D,RACK,1454,540,216,40,48,60,587
1A121A,1A,121,A,RACK,1454,480,0,40,48,60,90
1A121B,1A,121,B,RACK,1454,480,72,40,48,60,178
1A121C,1A,121,C,RACK,1454,480,144,40,48,60,160
1A121D,1A,121,D,RACK,1454,480,216,40,48,60,389
1A122A,1A,122,A,RACK,1454,426,0,40,48,60,98
1A122B,1A,122,B,RACK,1454,426,72,40,48,60,499
1A122C,1A,122,C,RACK,1454,426,144,40,48,60,865
1A122D,1A,122,D,RACK,1454,426,216,40,48,60,511
1A123A,1A,123,A,RACK,1454,372,0,40,48,60,405
1A123B,1A,123,B,RACK,1454,372,72,40,48,60,285
1A123C,1A,123,C,RACK,1454,372,144,40,48,60,908
1A123D,1A,123,D,RACK,1454,372,216,40,48,60,411
1A124A,1A,124,A,RACK,1454,312,0,40,48,60,612
1A124B,1A,124,B,RACK,1454,312,72,40,48,60,370
1A124C,1A,124,C,RACK,1454,312,144,40,48,60,86
1A124D,1A,124,D,RACK,1454,312,216,40,48,60,423
1A125A,1A,125,A,RACK,1454,258,0,40,48,60,364
1A125B,1A,125,B,RACK,1454,258,72,40,48,60,685
1A125C,1A,125,C,RACK,1454,258,144,40,48,60,506
1A125D,1A,125,D,RACK,1454,258,216,40,48,60,579
1A126A,1A,126,A,RACK,1454,204,0,40,48,60,974
1A126B,1A,126,B,RACK,1454,204,72,40,48,60,115
1A126C,1A,126,C,RACK,1454,204,144,40,48,60,432
1A126D,1A,126,D,RACK,1454,204,216,40,48,60,208
1A127A,1A,127,A,RACK,1454,144,0,40,48,60,859
1A127B,1A,127,B,RACK,1454,144,72,40,48,60,601
1A127C,1A,127,C,RACK,1454,144,144,40,48,60,116
1A127D,1A,127,D,RACK,1454,144,216,40,48,60,665
1A128A,1A,128,A,RACK,1454,90,0,40,48,60,374
1A128B,1A,128,B,RACK,1454,90,72,40,48,60,714
1A128C,1A,128,C,RACK,1454,90,144,40,48,60,613
1A128D,1A,128,D,RACK,1454,90,216,40,48,60,826
1A129A,1A,129,A,RACK,1454,36,0,40,48,60,860
1A129B,1A,129,B,RACK,1454,36,72,40,48,60,166
1A129C,1A,129,C,RACK,1454,36,144,40,48,60,65
1A129D,1A,129,D,RACK,1454,36,216,40,48,60,105
1B115A,1B,115,A,RACK,1500,816,0,40,48,60,394
1B115B,1B,115,B,RACK,1500,816,72,40,48,60,893
1B115C,1B,115,C,RACK,1500,816,144,40,48,60,545
1B115D,1B,115,D,RACK,1500,816,216,40,48,60,795
1B116A,1B,116,A,RACK,1500,762,0,40,48,60,763
1B116B,1B,116,B,RACK,1500,762,72,40,48,60,9
1B116C,1B,116,C,RACK,1500,762,144,40,48,60,174
1B116D,1B,116,D,RACK,1500,762,216,40,48,60,22
1B117A,1B,117,A,RACK,1500,708,0,40,48,60,923
1B117B,1B,117,B,RACK,1500,708,72,40,48,60,324
1B117C,1B,117,C,RACK,1500,708,144,40,48,60,390
1B117D,1B,117,D,RACK,1500,708,216,40,48,60,302
1B118A,1B,118,A,RACK,1500,648,0,40,48,60,491
1B118B,1B,118,B,RACK,1500,648,72,40,48,60,318
1B118C,1B,118,C,RACK,1500,648,144,40,48,60,661
1B118D,1B,118,D,RACK,1500,648,216,40,48,60,25
1B119A,1B,119,A,RACK,1500,594,0,40,48,60,906
1B119B,1B,119,B,RACK,1500,594,72,40,48,60,817
1B119C,1B,119,C,RACK,1500,594,144,40,48,60,95
1B119D,1B,119,D,RACK,1500,594,216,40,48,60,738
1B120A,1B,120,A,RACK,1500,540,0,40,48,60,498
1B120B,1B,120,B,RACK,1500,540,72,40,48,60,554
1B120C,1B,120,C,RACK,1500,540,144,40,48,60,250
1B120D,1B,120,D,RACK,1500,540,216,40,48,60,774
1B121A,1B,121,A,RACK,1500,480,0,40,48,60,694
1B121B,1B,121,B,RACK,1500,480,72,40,48,60,677
1B121C,1B,121,C,RACK,1500,480,144,40,48,60,142
1B121D,1B,121,D,RACK,1500,480,216,40,48,60,147
1B122A,1B,122,A,RACK,1500,426,0,40,48,60,152
1B122B,1B,122,B,RACK,1500,426,72,40,48,60,992
1B122C,1B,122,C,RACK,1500,426,144,40,48,60,841
1B122D,1B,122,D,RACK,1500,426,216,40,48,60,908
1B123A,1B,123,A,RACK,1500,372,0,40,48,60,37
1B123B,1B,123,B,RACK,1500,372,72,40,48,60,342
1B123C,1B,123,C,RACK,1500,372,144,40,48,60,874
1B123D,1B,123,D,RACK,1500,372,216,40,48,60,581
1B124A,1B,124,A,RACK,1500,312,0,40,48,60,454
1B124B,1B,124,B,RACK,1500,312,72,40,48,60,303
1B124C,1B,124,C,RACK,1500,312,144,40,48,60,925
1B124D,1B,124,D,RACK,1500,312,216,40,48,60,225
1B125A,1B,125,A,RACK,1500,258,0,40,48,60,456
1B125B,1B,125,B,RACK,1500,258,72,40,48,60,258
1B125C,1B,125,C,RACK,1500,258,144,40,48,60,76
1B125D,1B,125,D,RACK,1500,258,216,40,48,60,972
1B126A,1B,126,A,RACK,1500,204,0,40,48,60,43
1B126B,1B,126,B,RACK,1500,204,72,40,48,60,698
1B126C,1B,126,C,RACK,1500,204,144,40,48,60,273
1B126D,1B,126,D,RACK,1500,204,216,40,48,60,592
1B127A,1B,127,A,RACK,1500,144,0,40,48,60,34
1B127B,1B,127,B,RACK,1500,144,72,40,48,60,366
1B127C,1B,127,C,RACK,1500,144,144,40,48,60,226
1B127D,1B,127,D,RACK,1500,144,216,40,48,60,494
1B128A,1B,128,A,RACK,1500,90,0,40,48,60,616
1B128B,1B,128,B,RACK,1500,90,72,40,48,60,364
1B128C,1B,128,C,RACK,1500,90,144,40,48,60,69
1B128D,1B,128,D,RACK,1500,90,216,40,48,60,351
1B129A,1B,129,A,RACK,1500,36,0,40,48,60,969
1B129B,1B,129,B,RACK,1500,36,72,40,48,60,861
1B129C,1B,129,C,RACK,1500,36,144,40,48,60,703
1B129D,1B,129,D,RACK,1500,36,216,40,48,60,745
1C115A,1C,115,A,RACK,1684,816,0,40,48,60,941
1C115B,1C,115,B,RACK,1684,816,72,40,48,60,542
1C115C,1C,115,C,RACK,1684,816,144,40,48,60,651
1C115D,1C,115,D,RACK,1684,816,216,40,48,60,892
1C116A,1C,116,A,RACK,1684,762,0,40,48,60,421
1C116B,1C,116,B,RACK,1684,762,72,40,48,60,623
1C116C,1C,116,C,RACK,1684,762,144,40,48,60,407
1C116D,1C,116,D,RACK,1684,762,216,40,48,60,609
1C117A,1C,117,A,RACK,1684,708,0,40,48,60,513
1C117B,1C,117,B,RACK,1684,708,72,40,48,60,414
1C117C,1C,117,C,RACK,1684,708,144,40,48,60,101
1C117D,1C,117,D,RACK,1684,708,216,40,48,60,627
1C118A,1C,118,A,RACK,1684,648,0,40,48,60,630
1C118B,1C,118,B,RACK,1684,648,72,40,48,60,144
1C118C,1C,118,C,RACK,1684,648,144,40,48,60,506
1C118D,1C,118,D,RACK,1684,648,216,40,48,60,510
1C119A,1C,119,A,RACK,1684,594,0,40,48,60,85
1C119B,1C,119,B,RACK,1684,594,72,40,48,60,993
1C119C,1C,119,C,RACK,1684,594,144,40,48,60,619
1C119D,1C,119,D,RACK,1684,594,216,40,48,60,254
1C120A,1C,120,A,RACK,1684,540,0,40,48,60,789
1C120B,1C,120,B,RACK,1684,540,72,40,48,60,1
1C120C,1C,120,C,RACK,1684,540,144,40,48,60,777
1C120D,1C,120,D,RACK,1684,540,216,40,48,60,114
1C121A,1C,121,A,RACK,1684,480,0,40,48,60,489
1C121B,1C,121,B,RACK,1684,480,72,40,48,60,359
1C121C,1C,121,C,RACK,1684,480,144,40,48,60,280
1C121D,1C,121,D,RACK,1684,480,216,40,48,60,911
1C122A,1C,122,A,RACK,1684,426,0,40,48,60,418
1C122B,1C,122,B,RACK,1684,426,72,40,48,60,987
1C122C,1C,122,C,RACK,1684,426,144,40,48,60,333
1C122D,1C,122,D,RACK,1684,426,216,40,48,60,490
1C123A,1C,123,A,RACK,1684,372,0,40,48,60,521
1C123B,1C,123,B,RACK,1684,372,72,40,48,60,45
1C123C,1C,123,C,RACK,1684,372,144,40,48,60,32
1C123D,1C,123,D,RACK,1684,372,216,40,48,60,977
1C124A,1C,124,A,RACK,1684,312,0,40,48,60,897
1C124B,1C,124,B,RACK,1684,312,72,40,48,60,190
1C124C,1C,124,C,RACK,1684,312,144,40,48,60,56
1C124D,1C,124,D,RACK,1684,312,216,40,48,60,991
1C125A,1C,125,A,RACK,1684,258,0,40,48,60,357
1C125B,1C,125,B,RACK,1684,258,72,40,48,60,808
1C125C,1C,125,C,RACK,1684,258,144,40,48,60,838
1C125D,1C,125,D,RACK,1684,258,216,40,48,60,307
1C126A,1C,126,A,RACK,1684,204,0,40,48,60,477
1C126B,1C,126,B,RACK,1684,204,72,40,48,60,524
1C126C,1C,126,C,RACK,1684,204,144,40,48,60,339
1C126D,1C,126,D,RACK,1684,204,216,40,48,60,872
1C127A,1C,127,A,RACK,1684,144,0,40,48,60,453
1C127B,1C,127,B,RACK,1684,144,72,40,48,60,849
1C127C,1C,127,C,RACK,1684,144,144,40,48,60,862
1C127D,1C,127,D,RACK,1684,144,216,40,48,60,756
1C128A,1C,128,A,RACK,1684,90,0,40,48,60,562
1C128B,1C,128,B,RACK,1684,90,72,40,48,60,642
1C128C,1C,128,C,RACK,1684,90,144,40,48,60,377
1C128D,1C,128,D,RACK,1684,90,216,40,48,60,689
1C129A,1C,129,A,RACK,1684,36,0,40,48,60,53
1C129B,1C,129,B,RACK,1684,36,72,40,48,60,467
1C129C,1C,129,C,RACK,1684,36,144,40,48,60,705
1C129D,1C,129,D,RACK,1684,36,216,40,48,60,393
1D115A,1D,115,A,RACK,1730,816,0,40,48,60,756
1D115B,1D,115,B,RACK,1730,816,72,40,48,60,421
1D115C,1D,115,C,RACK,1730,816,144,40,48,60,848
1D115D,1D,115,D,RACK,1730,816,216,40,48,60,620
1D116A,1D,116,A,RACK,1730,762,0,40,48,60,643
1D116B,1D,116,B,RACK,1730,762,72,40,48,60,845
1D116C,1D,116,C,RACK,1730,762,144,40,48,60,820
1D116D,1D,116,D,RACK,1730,762,216,40,48,60,124
1D117A,1D,117,A,RACK,1730,708,0,40,48,60,406
1D117B,1D,117,B,RACK,1730,708,72,40,48,60,693
1D117C,1D,117,C,RACK,1730,708,144,40,48,60,731
1D117D,1D,117,D,RACK,1730,708,216,40,48,60,350
1D118A,1D,118,A,RACK,1730,648,0,40,48,60,90
1D118B,1D,118,B,RACK,1730,648,72,40,48,60,312
1D118C,1D,118,C,RACK,1730,648,144,40,48,60,575
1D118D,1D,118,D,RACK,1730,648,216,40,48,60,734
1D119A,1D,119,A,RACK,1730,594,0,40,48,60,483
1D119B,1D,119,B,RACK,1730,594,72,40,48,60,241
1D119C,1D,119,C,RACK,1730,594,144,40,48,60,880
1D119D,1D,119,D,RACK,1730,594,216,40,48,60,139
1D120A,1D,120,A,RACK,1730,540,0,40,48,60,200
1D120B,1D,120,B,RACK,1730,540,72,40,48,60,152
1D120C,1D,120,C,RACK,1730,540,144,40,48,60,785
1D120D,1D,120,D,RACK,1730,540,216,40,48,60,18
1D121A,1D,121,A,RACK,1730,480,0,40,48,60,554
1D121B,1D,121,B,RACK,1730,480,72,40,48,60,787
1D121C,1D,121,C,RACK,1730,480,144,40,48,60,328
1D121D,1D,121,D,RACK,1730,480,216,40,48,60,687
1D122A,1D,122,A,RACK,1730,426,0,40,48,60,57
1D122B,1D,122,B,RACK,1730,426,72,40,48,60,518
1D122C,1D,122,C,RACK,1730,426,144,40,48,60,355
1D122D,1D,122,D,RACK,1730,426,216,40,48,60,262
1D123A,1D,123,A,RACK,1730,372,0,40,48,60,125
1D123B,1D,123,B,RACK,1730,372,72,40,48,60,937
1D123C,1D,123,C,RACK,1730,372,144,40,48,60,407
1D123D,1D,123,D,RACK,1730,372,216,40,48,60,129
1D124A,1D,124,A,RACK,1730,312,0,40,48,60,909
1D124B,1D,124,B,RACK,1730,312,72,40,48,60,528
1D124C,1D,124,C,RACK,1730,312,144,40,48,60,598
1D124D,1D,124,D,RACK,1730,312,216,40,48,60,392
1D125A,1D,125,A,RACK,1730,258,0,40,48,60,280
1D125B,1D,125,B,RACK,1730,258,72,40,48,60,727
1D125C,1D,125,C,RACK,1730,258,144,40,48,60,711
1D125D,1D,125,D,RACK,1730,258,216,40,48,60,44
1D126A,1D,126,A,RACK,1730,204,0,40,48,60,895
1D126B,1D,126,B,RACK,1730,204,72,40,48,60,222
1D126C,1D,126,C,RACK,1730,204,144,40,48,60,528
1D126D,1D,126,D,RACK,1730,204,216,40,48,60,236
1D127A,1D,127,A,RACK,1730,144,0,40,48,60,703
1D127B,1D,127,B,RACK,1730,144,72,40,48,60,501
1D127C,1D,127,C,RACK,1730,144,144,40,48,60,71
1D127D,1D,127,D,RACK,1730,144,216,40,48,60,376
1D128A,1D,128,A,RACK,1730,90,0,40,48,60,32
1D128B,1D,128,B,RACK,1730,90,72,40,48,60,731
1D128C,1D,128,C,RACK,1730,90,144,40,48,60,283
1D128D,1D,128,D,RACK,1730,90,216,40,48,60,103
1D129A,1D,129,A,RACK,1730,36,0,40,48,60,30
1D129B,1D,129,B,RACK,1730,36,72,40,48,60,634
1D129C,1D,129,C,RACK,1730,36,144,40,48,60,945
1D129D,1D,129,D,RACK,1730,36,216,40,48,60,274
1E115A,1E,115,A,RACK,1914,816,0,40,48,60,798
1E115B,1E,115,B,RACK,1914,816,72,40,48,60,518
1E115C,1E,115,C,RACK,1914,816,144,40,48,60,777
1E115D,1E,115,D,RACK,1914,816,216,40,48,60,896
1E116A,1E,116,A,RACK,1914,762,0,40,48,60,199
1E116B,1E,116,B,RACK,1914,762,72,40,48,60,941
1E116C,1E,116,C,RACK,1914,762,144,40,48,60,455
1E116D,1E,116,D,RACK,1914,762,216,40,48,60,991
1E117A,1E,117,A,RACK,1914,708,0,40,48,60,800
1E117B,1E,117,B,RACK,1914,708,72,40,48,60,22
1E117C,1E,117,C,RACK,1914,708,144,40,48,60,722
1E117D,1E,117,D,RACK,1914,708,216,40,48,60,976
1E118A,1E,118,A,RACK,1914,648,0,40,48,60,446
1E118B,1E,118,B,RACK,1914,648,72,40,48,60,886
1E118C,1E,118,C,RACK,1914,648,144,40,48,60,68
1E118D,1E,118,D,RACK,1914,648,216,40,48,60,217
1E119A,1E,119,A,RACK,1914,594,0,40,48,60,71
1E119B,1E,119,B,RACK,1914,594,72,40,48,60,443
1E119C,1E,119,C,RACK,1914,594,144,40,48,60,511
1E119D,1E,119,D,RACK,1914,594,216,40,48,60,36
1E120A,1E,120,A,RACK,1914,540,0,40,48,60,278
1E120B,1E,120,B,RACK,1914,540,72,40,48,60,476
1E120C,1E,120,C,RACK,1914,540,144,40,48,60,521
1E120D,1E,120,D,RACK,1914,540,216,40,48,60,347
1E121A,1E,121,A,RACK,1914,480,0,40,48,60,119
1E121B,1E,121,B,RACK,1914,480,72,40,48,60,270
1E121C,1E,121,C,RACK,1914,480,144,40,48,60,906
1E121D,1E,121,D,RACK,1914,480,216,40,48,60,4
1E122A,1E,122,A,RACK,1914,426,0,40,48,60,288
1E122B,1E,122,B,RACK,1914,426,72,40,48,60,392
1E122C,1E,122,C,RACK,1914,426,144,40,48,60,496
1E122D,1E,122,D,RACK,1914,426,216,40,48,60,426
1E123A,1E,123,A,RACK,1914,372,0,40,48,60,584
1E123B,1E,123,B,RACK,1914,372,72,40,48,60,620
1E123C,1E,123,C,RACK,1914,372,144,40,48,60,276
1E123D,1E,123,D,RACK,1914,372,216,40,48,60,989
1E124A,1E,124,A,RACK,1914,312,0,40,48,60,471
1E124B,1E,124,B,RACK,1914,312,72,40,48,60,273
1E124C,1E,124,C,RACK,1914,312,144,40,48,60,591
1E124D,1E,124,D,RACK,1914,312,216,40,48,60,258
1E125A,1E,125,A,RACK,1914,258,0,40,48,60,832
1E125B,1E,125,B,RACK,1914,258,72,40,48,60,624
1E125C,1E,125,C,RACK,1914,258,144,40,48,60,604
1E125D,1E,125,D,RACK,1914,258,216,40,48,60,562
1E126A,1E,126,A,RACK,1914,204,0,40,48,60,536
1E126B,1E,126,B,RACK,1914,204,72,40,48,60,156
1E126C,1E,126,C,RACK,1914,204,144,40,48,60,61
1E126D,1E,126,D,RACK,1914,204,216,40,48,60,100
1E127A,1E,127,A,RACK,1914,144,0,40,48,60,948
1E127B,1E,127,B,RACK,1914,144,72,40,48,60,551
1E127C,1E,127,C,RACK,1914,144,144,40,48,60,393
1E127D,1E,127,D,RACK,1914,144,216,40,48,60,892
1E128A,1E,128,A,RACK,1914,90,0,40,48,60,780
1E128B,1E,128,B,RACK,1914,90,72,40,48,60,705
1E128C,1E,128,C,RACK,1914,90,144,40,48,60,538
1E128D,1E,128,D,RACK,1914,90,216,40,48,60,476
1E129A,1E,129,A,RACK,1914,36,0,40,48,60,122
1E129B,1E,129,B,RACK,1914,36,72,40,48,60,130
1E129C,1E,129,C,RACK,1914,36,144,40,48,60,706
1E129D,1E,129,D,RACK,1914,36,216,40,48,60,53
1F115A,1F,115,A,RACK,1960,816,0,40,48,60,503
1F115B,1F,115,B,RACK,1960,816,72,40,48,60,514
1F115C,1F,115,C,RACK,1960,816,144,40,48,60,843
1F115D,1F,115,D,RACK,1960,816,216,40,48,60,357
1F116A,1F,116,A,RACK,1960,762,0,40,48,60,436
1F116B,1F,116,B,RACK,1960,762,72,40,48,60,335
1F116C,1F,116,C,RACK,1960,762,144,40,48,60,674
1F116D,1F,116,D,RACK,1960,762,216,40,48,60,611
1F117A,1F,117,A,RACK,1960,708,0,40,48,60,533
1F117B,1F,117,B,RACK,1960,708,72,40,48,60,671
1F117C,1F,117,C,RACK,1960,708,144,40,48,60,993
1F117D,1F,117,D,RACK,1960,708,216,40,48,60,470
1F118A,1F,118,A,RACK,1960,648,0,40,48,60,320
1F118B,1F,118,B,RACK,1960,648,72,40,48,60,927
1F118C,1F,118,C,RACK,1960,648,144,40,48,60,608
1F118D,1F,118,D,RACK,1960,648,216,40,48,60,803
1F119A,1F,119,A,RACK,1960,594,0,40,48,60,604
1F119B,1F,119,B,RACK,1960,594,72,40,48,60,410
1F119C,1F,119,C,RACK,1960,594,144,40,48,60,868
1F119D,1F,119,D,RACK,1960,594,216,40,48,60,98
1F120A,1F,120,A,RACK,1960,540,0,40,48,60,789
1F120B,1F,120,B,RACK,1960,540,72,40,48,60,863
1F120C,1F,120,C,RACK,1960,540,144,40,48,60,877
1F120D,1F,120,D,RACK,1960,540,216,40,48,60,166
1F121A,1F,121,A,RACK,1960,480,0,40,48,60,769
1F121B,1F,121,B,RACK,1960,480,72,40,48,60,851
1F121C,1F,121,C,RACK,1960,480,144,40,48,60,819
1F121D,1F,121,D,RACK,1960,480,216,40,48,60,950
1F122A,1F,122,A,RACK,1960,426,0,40,48,60,440
1F122B,1F,122,B,RACK,1960,426,72,40,48,60,901
1F122C,1F,122,C,RACK,1960,426,144,40,48,60,951
1F122D,1F,122,D,RACK,1960,426,216,40,48,60,389
1F123A,1F,123,A,RACK,1960,372,0,40,48,60,295
1F123B,1F,123,B,RACK,1960,372,72,40,48,60,368
1F123C,1F,123,C,RACK,1960,372,144,40,48,60,94
1F123D,1F,123,D,RACK,1960,372,216,40,48,60,42
1F124A,1F,124,A,RACK,1960,312,0,40,48,60,348
1F124B,1F,124,B,RACK,1960,312,72,40,48,60,936
1F124C,1F,124,C,RACK,1960,312,144,40,48,60,59
1F124D,1F,124,D,RACK,1960,312,216,40,48,60,348
1F125A,1F,125,A,RACK,1960,258,0,40,48,60,423
1F125B,1F,125,B,RACK,1960,258,72,40,48,60,528
1F125C,1F,125,C,RACK,1960,258,144,40,48,60,69
1F125D,1F,125,D,RACK,1960,258,216,40,48,60,204
1F126A,1F,126,A,RACK,1960,204,0,40,48,60,744
1F126B,1F,126,B,RACK,1960,204,72,40,48,60,316
1F126C,1F,126,C,RACK,1960,204,144,40,48,60,802
1F126D,1F,126,D,RACK,1960,204,216,40,48,60,96
1F127A,1F,127,A,RACK,1960,144,0,40,48,60,288
1F127B,1F,127,B,RACK,1960,144,72,40,48,60,253
1F127C,1F,127,C,RACK,1960,144,144,40,48,60,308
1F127D,1F,127,D,RACK,1960,144,216,40,48,60,448
1F128A,1F,128,A,RACK,1960,90,0,40,48,60,848
1F128B,1F,128,B,RACK,1960,90,72,40,48,60,445
1F128C,1F,128,C,RACK,1960,90,144,40,48,60,786
1F128D,1F,128,D,RACK,1960,90,216,40,48,60,916
1F129A,1F,129,A,RACK,1960,36,0,40,48,60,237
1F129B,1F,129,B,RACK,1960,36,72,40,48,60,660
1F129C,1F,129,C,RACK,1960,36,144,40,48,60,957
1F129D,1F,129,D,RACK,1960,36,216,40,48,60,47
